id:ID,name,label:LABEL,identifier,text,sourceDocument,pageStart,pageEnd,sectionLabel
Framework_ESRS_20E3_20Delegated_act_2023_5303_annex_1_en_pdf,ESRS_20E3_20Delegated-act-2023-5303-annex-1_en,Framework,ESRS,,ESRS_20E3_20Delegated-act-2023-5303-annex-1_en.pdf,,,
Topic_ESRS_E3,ESRS E3 Standard,Topic,ESRS E3,,ESRS_20E3_20Delegated-act-2023-5303-annex-1_en.pdf,1,11,ESRS E3 Standard
Topic_ESRS_E3,ESRS E3 WATER AND MARINE RESOURCES Table of contents,Topic,ESRS E3,,ESRS_20E3_20Delegated-act-2023-5303-annex-1_en.pdf,1,3,ESRS E3 WATER AND MARINE RESOURCES Table of contents
Disclosure_IRO_1_Description_of_the_processes_to_identify_and_assess_material_water_and_marine_resources_rela,"IRO-1 – Description of the processes to identify and assess material water and marine resources-related impacts, risks a",Disclosure,IRO-1 – Description of the processes to identify and assess material water and marine resources-rela,"IRO-1 – Description of the processes to identify and assess material water and marine resources-related impacts, risks and opportunities o Disclosure Requirement E3-1 – Policies related to water and marine resources o Disclosure Requirement E3-2 – Actions and resources related to water and marine resources Metrics and targets o Disclosure Requirement E3-3 – Targets related to water and marine resources o Disclosure Requirement E3-4 – Water consumption o Disclosure Requirement E3-5 – Anticipated financial effects from water and marine",ESRS_20E3_20Delegated-act-2023-5303-annex-1_en.pdf,1,1,"IRO-1 – Description of the processes to identify and assess material water and marine resources-related impacts, risks a"
Disclosure_IRO_1_Description_of_the_processes_to_identify_and_assess_material_water_and_marine_resources_rela,"IRO-1 – Description of the processes to identify and assess material water and marine resources-related impacts, risks a",Disclosure,IRO-1 – Description of the processes to identify and assess material water and marine resources-rela,"IRO-1 – Description of the processes to identify and assess material water and marine resources-related impacts, risks and opportunities o Disclosure Requirement E3-1 – Policies related to water and marine resources o",ESRS_20E3_20Delegated-act-2023-5303-annex-1_en.pdf,1,1,"IRO-1 – Description of the processes to identify and assess material water and marine resources-related impacts, risks a"
Disclosure_Disclosure_Requirement_E3_2_Actions_and_resources_related_to_water_and_marine_resources_policies_M,Disclosure Requirement E3-2 – Actions and resources related to water and marine resources policies Metrics and targets o,Disclosure,Disclosure Requirement E3-2 – Actions and resources related to water and marine resources policies M,Disclosure Requirement E3-2 – Actions and resources related to water and marine resources policies Metrics and targets o Disclosure Requirement E3-3 – Targets related to water and marine resources o Disclosure Requirement E3-4 – Water consumption o Disclosure Requirement E3-5 – Anticipated financial effects from water and marine,ESRS_20E3_20Delegated-act-2023-5303-annex-1_en.pdf,1,3,Disclosure Requirement E3-2 – Actions and resources related to water and marine resources policies Metrics and targets o
Requirement_-6728101380895215543,Objective,Requirement,Objective,"1. The objective of this Standard is to specify Disclosure Requirements which will enable users of the sustainability statement to understand: (a) how the undertaking affects water and marine resources , in terms of material positive and negative actual or potential impacts ; (b) any actions taken, and the result of such actions to prevent or mitigate material actual or potential negative impacts, to protect water and marine resources, also with reference to reduction of water consumption , and to address risks and opportunities ; (c) whether, how and to what extent the undertaking contributes to the European Green Deal’s ambitions for fresh air, clean water, healthy soil and biodiversity , as well as to the sustainability of the blue economy and fisheries sectors, taking account of the following: Directive 2000/60/EC of the European Parliament and of the Council 1 (EU 1 Directive 2000/60/EC of the European Parliament and of the Council of 23 October 2000 establishing a framework for Community action in the field of water policy (Water Framework Directive) (OJ L 327, 22.12.2000, p. 1). 1 Water Framework Directive), Directive 2008/56/EC of the European Parliament and of the Council 2 (EU Marine Strategy Framework Directive), Directive 2014/89/EU of the European Parliament and of the Council 3 (EU Maritime Spatial Planning Directive), the Sustainable Development Goals (in particular SDG 6 Clean water and sanitation and 14 Life below water), and respect of global environmental limits (e.g. biosphere integrity , ocean acidification, freshwater use, and biogeochemical flows planetary boundaries ); (d) the plans and capacity of the undertaking to adapt its strategy and business model in line with the promotion of sustainable water use based on long-term protection of available water resources; protection of aquatic ecosystems and restoration of freshwater and marine habitats ; (e) the nature, type and extent of the undertaking’s material risks and opportunities arising from the undertaking’s impacts and dependencies on water and marine resources , and how the undertaking manages them; and (f) the financial effects on the undertaking over the short-, medium- and long-term of material risks and opportunities arising from the undertaking’s impacts and dependencies on water and marine resources. 2. This Standard sets out Disclosure Requirements related to water and marine resources . With regard to “water”, this standard covers surface water and groundwater . It includes disclosure requirements on water consumption in the undertaking’s activities, products and services, as well as related information on water withdrawals and water discharges . 3. With regard to “ marine resources ”, this standard covers the extraction and use of such resources, and associated economic activities.",ESRS_20E3_20Delegated-act-2023-5303-annex-1_en.pdf,1,2,Objective
Requirement_-5124755573744078341,Interaction with other ESRS,Requirement,Interaction with other ESRS,"4. The topic of water and marine resources is closely connected to other environmental sub- topics such as climate change, pollution , biodiversity and circular economy. Thus, to provide a comprehensive overview of what could be material to water and marine resources, relevant Disclosure Requirements are covered in other environmental ESRS as follows: (a) ESRS E1 Climate change , which addresses, in particular, acute and chronic physical risks which arise from water and ocean-related hazards caused or exacerbated by climate change, including increasing water temperature, changing precipitation patterns and types (rain, hail, snow/ice), precipitation or hydrological variability, ocean acidification, saline intrusion, sea level rise, drought, high water stress, heavy precipitation, flood and glacial lake outbursts; (b) ESRS E2 Pollution , which addresses, in particular, the emissions to water, which includes emissions to oceans, and the use and generation of microplastics; (c) ESRS E4 Biodiversity and ecosystems , which addresses, in particular, the conservation and sustainable use of and impact on freshwater aquatic ecosystems as well as the oceans and seas; and (d) ESRS E5 Resource use and circular economy which addresses in particular waste management including plastic, and the transition towards the extraction of nonrenewable resources of wastewater ; reduced use of plastic; and the recycling of wastewater. 2 Directive 2008/56/EC of the European Parliament and of the Council of 17 June 2008 establishing a framework for community action in the field of marine environmental policy (Marine Strategy Framework Directive) (OJ L 164, 25.6.2008, p. 19). 3 Directive 2014/89/EU of the European Parliament and of the Council of 23 July 2014 establishing a framework for maritime spatial planning (OJ L 257, 28.8.2014, p. 135). 2 5. The undertaking’s impacts on water and marine resources affect people and communities. Material negative impacts on affected communities from water and marine resources related impacts attributable to the undertaking are covered in ESRS S3 Affected communities . 6. This Standard should be read in conjunction with ESRS 1 General requirements and ESRS 2 General disclosures . Disclosure requirements",ESRS_20E3_20Delegated-act-2023-5303-annex-1_en.pdf,2,3,Interaction with other ESRS
Topic_ESRS_2,ESRS 2 General disclosures,Topic,ESRS 2,"7. The requirements of this section should be read in conjunction with and reported alongside  the disclosures required by ESRS 2 chapter 4 Impact, risk and opportunity management . Impact, risk and opportunity management",ESRS_20E3_20Delegated-act-2023-5303-annex-1_en.pdf,3,7,ESRS 2 General disclosures
Disclosure_Disclosure_Requirement_related_to_ESRS_2_IRO_1_Description_of_the_processes_to_identify_and_assess,Disclosure Requirement related to ESRS 2 IRO-1 – Description of the processes to identify and assess material water and ,Disclosure,Disclosure Requirement related to ESRS 2 IRO-1 – Description of the processes to identify and assess,"Disclosure Requirement related to ESRS 2 IRO-1 – Description of the processes to identify and assess material water and marine resources-related impacts, risks and opportunities 8. The undertaking shall describe the process to identify material impacts, risks and opportunities and shall provide information on: (a) whether and how the undertaking it has screened its assets and activities in order to identify its actual and potential water and marine resources -related impacts, risks and opportunities in its own operations and its upstream and downstream value chain , and if so the methodologies, assumptions and tools used in the screening; (b) whether and how it has conducted consultations, in particular, with affected communities 4 . Disclosure Requirement E3-1 – Policies related to water and marine resources 9. The undertaking shall describe its policies adopted to manage its material impacts, risks and opportunities related to water and marine resources 5 . 10. The objective of this Disclosure Requirement is to enable an understanding of the extent to which the undertaking has policies that address the identification, assessment, management and/or remediation of its material water and marine resources -related impacts, risks and opportunities . 11. The disclosure required by paragraph 9 shall contain the information on the policies the undertaking has in place to manage its material impacts, risks and opportunities related to water and marine resources in accordance with ESRS 2 MDR-P Policies adopted to manage material sustainability matters . 4 Source: IFC Performance Standard 6, 2012. 5 This information supports the information needs of financial market participants subject to Regulation (EU) 2019/2088 because it is derived from an additional indicator related to principal adverse impacts as set out by indicator #7 in Table II of Annex I of Commission Delegated Regulation (EU) 2022/1288 with regard to disclosure rules on sustainable investments (“Investments in companies without water management policies”). 3 12. The undertaking shall indicate whether and how its policies address the following matters where material: (a) water management including: i. the use and sourcing of water and marine resources in its own operations; ii. water treatment as a step towards more sustainable sourcing of water; and iii. the prevention and abatement of water pollution resulting from its activities. (b) product and service design in view of addressing water-related issues and the preservation of marine resources; and (c) commitment to reduce material water consumption in areas at water risk in its own operations and along the upstream and downstream value chain. 13. If at least one of the sites of the undertaking is located in an area of high-water stress and it is not covered by a policy , the undertaking shall state this to be the case and provide reasons for not having adopted such a policy. The undertaking may disclose a timeframe in which it aims to adopt such a policy. 6 14. The undertaking shall specify whether it has adopted policies or practices related to sustainable oceans and seas 7 . Disclosure Requirement E3-2 – Actions and resources related to water and marine resources 15. The undertaking shall disclose its water and marine resources-related actions and the resources allocated to their implementation. 16. The objective of this Disclosure Requirement is to enable an understanding of the key actions taken and planned to achieve the water and marine resources -related policy objectives and targets . 17. The description of the actions and resources shall follow the principles defined in ESRS 2 MDR- A Actions and resources in relation to material sustainability matters . In addition to ESRS 2 MDR- A, the undertaking may specify to which layer in the mitigation hierarchy an action and 18. Resources can be allocated to: (a) avoid the use of water and marine resources ; (b) reduce the use of water and marine resources such as through efficiency measures; (c) reclaiming and reuse of water; or (d) restoration and regeneration of aquatic ecosystem and water bodies. 19. The undertaking shall specify actions and resources in relation to areas at water risk , including areas of high-water stress . 6 This information supports the information needs of financial market participants subject to Regulation (EU) 2019/2088 because it is derived from an additional indicator related to principal adverse impacts as set out by indicator #8 in Table II of Annex I of Commission Delegated Regulation (EU) 2022/1288 with regard to disclosure rules on sustainable investments (“Exposure to areas of high water stress”). 7 This information supports the information needs of financial market participants subject to Regulation (EU) 2019/2088 because it is derived from an additional indicator related to principal adverse impacts as set out by indicator #12 in Table II of Annex I of Commission Delegated Regulation (EU) 2022/1288 with regard to disclosure rules on sustainable investments ( “Investments in companies without sustainable oceans/seas practices”). 4",ESRS_20E3_20Delegated-act-2023-5303-annex-1_en.pdf,3,4,Disclosure Requirement related to ESRS 2 IRO-1 – Description of the processes to identify and assess material water and 
Disclosure_Disclosure_Requirement_E3_3_Targets_related_to_water_and_marine_resources,Disclosure Requirement E3-3 – Targets related to water and marine resources,Disclosure,Disclosure Requirement E3-3 – Targets related to water and marine resources,"Disclosure Requirement E3-3 – Targets related to water and marine resources 20. The undertaking shall disclose the water and marine resources-related targets it has set. 21. The objective of this Disclosure Requirement is to enable an understanding of the targets the undertaking has adopted to support its water and marine resources-related policies and address its material water and marine resources-related impacts, risks and opportunities. 22. The description of the targets shall contain the information requirements defined in ESRS 2 MDR-T Tracking effectiveness of policies and actions through targets. 23. The disclosure required by paragraph 20 shall indicate whether and how its targets relate to: (a) the management of material impacts, risks and opportunities related to areas at water risk , including improvement of the water quality; (b) the responsible management of marine resources impacts, risks and opportunities including the nature and quantity of marine resources-related commodities (such as gravels, deep-sea minerals, seafood) used by the undertaking; and (c) the reduction of water consumption , including an explanation of how those targets relate to areas at water risk, including areas of high water-stress. 24. In addition to ESRS 2 MDR-T, the undertaking may specify whether ecological thresholds and entity-specific allocations were taken into consideration when setting targets . If so, the undertaking may specify: (a) the ecological thresholds identified, and the methodology used to identify such thresholds; (b) whether or not the thresholds are entity-specific and if so, how they were determined; and (c) how responsibility for respecting identified ecological thresholds is allocated in the undertaking. 25. The undertaking shall specify as part of the contextual information, whether the targets it has set and presented are mandatory (required by legislation) or voluntary. Disclosure Requirement E3-4 – Water consumption 26. The undertaking shall disclose information on its water consumption performance related to its material impacts, risks and opportunities. 27. The objective of this Disclosure Requirement is to provide an understanding of the undertaking’s water consumption and any progress by the undertaking in relation to its targets. 28. The disclosure required by paragraph 26 relates to own operations and shall include: (a) total water consumption in m3; (b) total water consumption in m3 in areas at water risk, including areas of high-water stress ; (c) total water recycled and reused in m3; 8 8 This information supports the information needs of financial market participants subject to Regulation (EU) 2019/2088 because it is derived from an additional indicator related to principal adverse impacts as set out by indicator #6.2 in Table II of 5 (d) total water stored and changes in storage in m3; and (e) any contextual information necessary regarding points (a) to (d), including the water basins’ water quality and  quantity, how the data have been compiled, such as any standards, methodologies, and assumptions used, including whether the information is calculated, estimated, modelled, or sourced from direct measurements, and the approach taken for this, such as the use of any sector-specific factors. 29. The undertaking shall provide information on its water intensity : total water consumption in its own operations in m 3 per million EUR net revenue 76 . Disclosure Requirement E3-5 – Anticipated financial effects from material water and marine  resources-related risks and opportunities 30. The undertaking shall disclose the anticipated financial effects of material water and marine resources-related risks and opportunities. 31. The information required by paragraph 30 is in addition to the information on current financial effects on the entity’s financial position, financial performance and cash flows for the reporting period required under ESRS 2 SBM-3 para 48 (d). 32. The objective of this Disclosure Requirement is to provide an understanding of: (a) anticipated financial effects due to material risks arising from water and marine resources -related impacts and dependencies and how these risks have (or could reasonably be expected to have) a material influence on the undertaking’s financial position, financial performance and cash flows, over the short-, medium- and long-term; and (b) anticipated financial effects due to material opportunities related to water and marine resources. 33. The disclosure shall include: (a) a quantification of the anticipated financial effects in monetary terms before considering water and marine resources-related actions or where not possible without undue cost or effort, qualitative information. For financial effects arising from opportunities, a quantification is not required if it would result in disclosure that does not meet the qualitative characteristics of information (see ESRS 1 Appendix B Qualitative characteristics of information ); (b) a description of the effects considered, the impacts and dependencies to which they relate, and the time horizons in which they are likely to materialise; and (c) the critical assumptions used to quantify the anticipated financial effects, as well as the sources and level of uncertainty of those assumptions. Annex I of Commission Delegated Regulation (EU) 2022/1288 regarding disclosure rules on sustainable investments (“Water usage and recycling”, 2. Weighted average percentage of water recycled and reused by investee companies). 76 This information supports the information needs of financial market participants subject to Regulation (EU) 2019/2088 because it is derived from an additional indicator related to principal adverse impacts as set out by indicator #6.1 in Table II of Annex I of Commission Delegated Regulation (EU) 2022/1288 with regard to disclosure rules on sustainable investments (“Water usage and recycling”, 1. Average amount of water consumed by the investee companies (in cubic meters) per million EUR of revenue of investee companies). 6 This appendix is an integral part of the ESRS E3. It supports the application of the disclosure requirements set out in this standard and has the same authority as the other parts of the Standard.",ESRS_20E3_20Delegated-act-2023-5303-annex-1_en.pdf,5,7,Disclosure Requirement E3-3 – Targets related to water and marine resources
Topic_ESRS_2,ESRS 2 General disclosures,Topic,ESRS 2,,ESRS_20E3_20Delegated-act-2023-5303-annex-1_en.pdf,7,11,ESRS 2 General disclosures
Disclosure_Disclosure_Requirement_related_to_ESRS_2_IRO_1_Description_of_the_processes_to_identify_and_assess,Disclosure Requirement related to ESRS 2 IRO-1 – Description of the processes to identify and assess material water and ,Disclosure,Disclosure Requirement related to ESRS 2 IRO-1 – Description of the processes to identify and assess,"Disclosure Requirement related to ESRS 2 IRO-1 – Description of the processes to identify and assess material water and marine resources-related impacts, risks and opportunities AR 1.  When conducting a materiality assessment on environmental subtopics, the undertaking shall assess the materiality of water and marine resources in its own operations and its upstream and downstream value chain, and may consider the four phases below, also known as the LEAP approach: (a) Phase 1: locate where in its own operations and along the value chain the interface with nature takes place; (b) Phase 2: evaluate the dependencies and impacts ; (c) Phase 3: assess the material risks and opportunities ; and (d) Phase 4: prepare and report the results of the materiality assessment. AR 2.  The materiality assessment for ESRS E3 corresponds to the first three phases of this LEAP approach, the fourth phase addresses the outcome of the process. AR 3.  The processes to assess the materiality of impacts, risks and opportunities shall consider the provisions in ESRS 2 IRO-1 Description of the processes to identify and assess material impacts, risks and opportunities , and IRO-2 Disclosure Requirements in ESRS covered by the undertaking’s sustainability statement . AR 4.  The sub-topics related to water and marine resources covered by the materiality assessment include: (a) water, which encompasses the consumption of surface water , groundwater , as well as withdrawals and discharges of water; and (b) marine resources , which encompasses the extraction and use of such resources and associated economic activities. AR 5.  In phase 1, to locate where there are areas at water risk, and areas where there is an interface with marine resources that could lead to material impacts and dependencies in its own operations and along its upstream and downstream  value chain, the undertaking may consider: (a) the locations of direct assets and operations and related upstream and downstream activities across the value chain ; (b) the sites located in areas at water risk , including areas of high-water stress;  and (c) the sectors or business units that are interfacing with water or marine resources in these priority locations. AR 6.  The undertaking shall consider river basins as the relevant level for assessment of locations and combine that approach with an operational risk assessment of its facilities  and the facilities of suppliers with material impacts and risks. 7 AR 7.  The undertaking shall consider the criteria for defining the status of water bodies according to the relevant Annexes of Directive 2000/60/EC (Water Framework Directive) as well as the guidance documents provided for implementation of the Water Framework Directive. The list of guidance documents can be accessed under the European Commission’s Environment home page. AR 8.  In phase 2, to evaluate its impacts and dependencies for each priority location identified under AR 5, the undertaking may: (a) identify business processes and activities that lead to impacts and dependencies on environmental assets and ecosystem services ; (b) identify water and marine resources -related impacts and dependencies across the undertaking’s value chain; and (c) assess the severity and likelihood of the positive and negative impacts on water and marine resources. AR 9.  For the identification of water and marine resources -related dependencies , the undertaking may rely on international classifications such as the Common International Classification of Ecosystem Services (CICES). AR 10. When identifying its marine resources -related dependencies , the undertaking shall consider if it depends upon key marine resources-related commodities, including but not limited to gravels and seafood products. AR 11. Marine resources are defined according to their use by human societies and must be considered in relation to the pressure they are subject to. Some of the pressure indicators are presented in other ESRS, namely microplastics and emissions to water in ESRS E2 and plastic waste in ESRS E5. AR 12. Examples of marine resources dependencies which may be considered by the undertaking are: (a) dependencies on commercially exploited fish and shellfish in its own operations and its upstream and downstream value chain; and (b) fishing activity that involves mobile bottom trawling, which can also have negative impacts on the seabed. AR 13. In Phase 3, to assess its material risks and opportunities based on the results of Phases 1 and 2, the undertaking may : (a) identify transition risks and opportunities in its own operations and its value chain by the categories of: i. policy and legal: e.g., introduction of regulation or policy (e.g., changes such as increased water protection, increased quality of water regulations, regulation of flows of water supply), ineffective governance of water bodies or marine resources , in particular across boundaries (e.g., transboundary governance and cooperation) resulting in water or oceans degradation , exposure to sanctions and litigation (e.g., non-respect of permits or allocations; negligence towards or killing of threatened marine species), enhanced reporting obligations on marine ecosystems and related services; ii. technology: e.g., substitution of products or services by products or services with a lower impact on water and marine resources, transition to more efficient and cleaner technologies (i.e., with lower impacts on oceans and water), new monitoring technologies (e.g., satellite), water purification, flood protection; iii. market: e.g., shifting supply, demand and financing, volatility or increased costs of water or marine resources; iv. reputation: e.g., changing societal, customer or community perceptions as a result of an organisation’s impact on water and marine resources; and v. contribution to systemic risks via its own operations and its upstream and downstream value chain, including the risks that a marine ecosystem collapses or 8 the risks that a critical natural system no longer functions (e.g., tipping points are reached, summing physical risks); (b) identify physical risk including water quantity ( water scarcity , water stress), water quality, infrastructure decay or unavailability of some marine resources-related commodities (e.g. the rarefaction of some species of fish or other underwater marine living organisms sold as products by the undertaking) leading for instance to the impossibility of  running operations in certain geographical areas; (c) identify opportunities categorised by: i. resource efficiency: e.g., transition to more efficient services and processes requiring less water and marine resources; ii. markets: e.g., development of less resource-intense products and services, diversification of business activities; iii. financing: e.g., access to green funds, bonds or loans; iv. resilience: e.g., diversification of marine or water resources and business activities (e.g., starting a new business unit on ecosystem restoration ), investing in green infrastructures, nature-based solutions , adopting recycling and circularity mechanisms that reduce the dependencies on water or marine resources; and v. reputation: positive stakeholder engagement as a result of a proactive stance on managing nature-related risks (e.g., leading to preferred partner status). AR 14. The undertaking may rely on primary, secondary or modelled data collection or other relevant approaches to assess material impacts, dependencies , risks and opportunities, including Commission Recommendation 2021/2279 on the use of the Environmental Footprint methods to measure and communicate the life cycle environmental performance of products and organisations (Annex I – Product Environmental Footprint; Annex III – Organisation Environmental Footprint). AR 15. When providing information on the outcome of the materiality assessment, the undertaking shall consider: (a) a list of geographical areas where water is a material issue for the undertaking’s own operations and its upstream and downstream value chain; (b) a list of marine resources -related commodities used by the undertaking which are material to the good environmental status of marine waters as well as for the protection of marine resources; and (c) a list of sectors or segments associated with water and marine resources material impacts, risks and opportunities. Disclosure Requirement E3-1 – Policies related to water and marine resources AR 16. The policies described under this Disclosure Requirement may be integrated in broader environmental or sustainability policies covering different subtopics. AR 17. When disclosing information under paragraph 9, the undertaking may disclose whether its policies : (a) prevent further deterioration and protect and enhance the status of water bodies and aquatic ecosystems ; (b) promote sustainable water use based on a long-term protection of available water resources; (c) aim at enhanced protection and improvement of the aquatic environment; (d) promote a good environmental status of marine water; and 9 (e) promote reduction of water withdrawals and water discharges . AR 18. The undertaking may also disclose information about policies which: (a) contribute  to good ecological and chemical quality of surface water bodies and good chemical quality and quantity of groundwater bodies, in order to protect  human health, water supply, natural ecosystems and biodiversity, the good environmental status of marine waters and the protection of the resource base upon which marine related activities depend; (b) minimise material impacts and risks and implement mitigation measures that aim to maintain the value and functionality of priority services and to increase resource efficiency on own operations; and (c) avoid impacts on affected communities . Disclosure Requirement E3-2 – Actions and resources related to water and marine resources policies AR 19. When disclosing information required under paragraph 15, the undertaking shall consider  the actions , or action plans, contributing to address the material impacts, risks and opportunities identified. Useful guidance is provided by the Alliance for Water Stewardship (AWS). AR 20. Considering that water and marine resources are shared resources which may require collective actions , or action plans, involving other stakeholders , the undertaking may provide information on those specific collective actions, including information on other parties (competitors, suppliers , retailers, customers, other business partners, local communities and authorities, government agencies…) and specific information on the project, its specific contribution, its sponsors and other participants. AR 21. When providing information on capital expenditures, the undertaking may consider expenditures related, for example, to stormwater drain rehabilitation, pipelines, or machinery used to manufacture new low water-use products.",ESRS_20E3_20Delegated-act-2023-5303-annex-1_en.pdf,7,10,Disclosure Requirement related to ESRS 2 IRO-1 – Description of the processes to identify and assess material water and 
Disclosure_Disclosure_Requirement_E3_3_Targets_related_to_water_and_marine_resources,Disclosure Requirement E3-3 – Targets related to water and marine resources,Disclosure,Disclosure Requirement E3-3 – Targets related to water and marine resources,"Disclosure Requirement E3-3 – Targets related to water and marine resources AR 22. If the undertaking refers to ecological thresholds when setting targets , it may refer to the guidance provided by the Science-Based Targets Initiative for Nature (SBTN) in its interim guidance (Initial Guidance for Business, September 2020). It may also refer to any other guidance with a scientifically acknowledged methodology that enables the setting of science- based targets by identifying ecological thresholds and, if applicable, organisationspecific allocations. Ecological thresholds can be local, national and/or global. AR 23. The undertaking may provide targets relating to: (a)  the reduction of water withdrawals ; and (b) the reduction of water discharges . AR 24. If the undertaking provides targets on withdrawals, it may include water withdrawal from polluted soils and aquifers, and water withdrawn and treated for remediation purposes. AR 25. If the undertaking provides targets on discharges , it may include water discharges to groundwater such as reinjection to aquifers, or water returning to a groundwater source via a soakaway or a swale. 10 AR 26. The targets may cover its own operations and/or its upstream and downstream value chain. AR 27. The undertaking may specify whether the target addresses shortcomings related to the Substantial Contribution criteria for Water and Marine Resources as defined in the Commission delegated acts adopted pursuant to Article 12(2) of Regulation (EU) 2020/852. Where the Do No Significant Harm (DNSH) criteria  for Water and Marine Resources as defined in delegated acts adopted pursuant to Article 10(3), Article 11(3), Article 13(2), Article 14(2), and Article 15(2) of Regulation (EU) 2020/852 are not met, the undertaking may specify whether the target addresses shortcomings related those DNSH criteria. Disclosure Requirement E3-4 – Water consumption AR 28. The undertaking may operate in various areas at water risk . When disclosing information under paragraph 28 (b), the undertaking shall include such information only for those areas that have been identified as material in accordance with ESRS2 IRO-1 and ESRS2 SBM-3. AR 29. When disclosing contextual information on water consumption performance required by paragraph 26, the undertaking shall explain the calculation methodologies and more specifically the share of the measure obtained from direct measurement, from sampling and extrapolation, or from best estimates. AR 30. The undertaking may provide information on other breakdowns (i.e., per sector or segments). AR 31. When disclosing information required by paragraph 29 the undertaking may provide additional intensity ratios based on other denominators. AR 32. The undertaking may also provide information on its water withdrawals and water discharges . Disclosure Requirement E3-5 – Anticipated financial effects from material water and marine resources-related risks and opportunities AR 33. The undertaking may include an assessment of its related products and services at risk over the short-, medium- and long-term, explaining how these are defined, how financial amounts are estimated, and which critical assumptions are made. AR 34. The quantification of the anticipated financial effects in monetary terms under paragraph 39(a) may be a single amount or a range. 11",ESRS_20E3_20Delegated-act-2023-5303-annex-1_en.pdf,10,11,Disclosure Requirement E3-3 – Targets related to water and marine resources
Framework_Business_responsibility_and_sustainability_reporting_by_listed_entitiesAnnexure1_p_pdf,Business Responsibility and Sustainability Report,Framework,BRSR,,Business responsibility and sustainability reporting by listed entitiesAnnexure1_p.pdf,,,
Topic_C,SECTION A: GENERAL DISCLOSURES,Topic,C,"I. Details of the listed entity 1. Corporate Identity Number (CIN) of the Listed Entity 2. Name of the Listed Entity 3. Year of incorporation 4. Registered office address 5. Corporate address 6. E-mail 7. Telephone 8. Website 9. Financial year for which reporting is being done 10. Name of the Stock Exchange(s) where shares are listed 11. Paid-up Capital 12. Name and contact details (telephone, email address) of the person who may be contacted in case of any queries on the BRSR report 13. Reporting boundary - Are the disclosures under this report made on a standalone basis (i.e. only for the entity) or on a consolidated basis (i.e. for the entity and all the entities which form a part of its consolidated financial statements, taken together). III. Operations 16. Number of locations where plants and/or operations/offices of the entity are situated: Location Number of plants Number of offices Total",Business responsibility and sustainability reporting by listed entitiesAnnexure1_p.pdf,1,5,SECTION A: GENERAL DISCLOSURES
Disclosure_Q17_-6297199054481257230,17. Markets served by the entity: a. Number of locations,Disclosure,Q17,17. Markets served by the entity: a. Number of locations Locations Number b. What is the contribution of exports as a percentage of the total turnover of the entity? c. A brief on types of customers,Business responsibility and sustainability reporting by listed entitiesAnnexure1_p.pdf,2,2,17. Markets served by the entity: a. Number of locations
Disclosure_Q18_-176298124201793786,18. Details as at the end of Financial Year: a. Employees and workers (including differently abled):,Disclosure,Q18,18. Details as at the end of Financial Year: a. Employees and workers (including differently abled):,Business responsibility and sustainability reporting by listed entitiesAnnexure1_p.pdf,2,2,18. Details as at the end of Financial Year: a. Employees and workers (including differently abled):
Disclosure_S_945782453872657018,S.,Disclosure,S.,S.,Business responsibility and sustainability reporting by listed entitiesAnnexure1_p.pdf,2,2,S.
Disclosure_S_945782453872657018,S.,Disclosure,S.,S.,Business responsibility and sustainability reporting by listed entitiesAnnexure1_p.pdf,3,3,S.
Disclosure_Q19_1378423268773647744,19. Participation/Inclusion/Representation of women,Disclosure,Q19,19. Participation/Inclusion/Representation of women (Disclose trends for the past 3 years),Business responsibility and sustainability reporting by listed entitiesAnnexure1_p.pdf,3,4,19. Participation/Inclusion/Representation of women
Disclosure_Q22_-6849089121929753382,"22. (i) Whether CSR is applicable as per section 135 of Companies Act, 2013: (Yes/No) (ii) Turnover (in Rs.) (iii) Net w",Disclosure,Q22,"22. (i) Whether CSR is applicable as per section 135 of Companies Act, 2013: (Yes/No) (ii) Turnover (in Rs.) (iii) Net worth (in Rs.)",Business responsibility and sustainability reporting by listed entitiesAnnexure1_p.pdf,4,4,"22. (i) Whether CSR is applicable as per section 135 of Companies Act, 2013: (Yes/No) (ii) Turnover (in Rs.) (iii) Net w"
Disclosure_Q23_-6115681057730055166,23. Complaints/Grievances on any of the principles (Principles 1 to 9) under the National Guidelines on Responsible Busi,Disclosure,Q23,23. Complaints/Grievances on any of the principles (Principles 1 to 9) under the National Guidelines on Responsible Business Conduct: Stakeholder,Business responsibility and sustainability reporting by listed entitiesAnnexure1_p.pdf,4,5,23. Complaints/Grievances on any of the principles (Principles 1 to 9) under the National Guidelines on Responsible Busi
Disclosure_Q24_2434095512212408412,24. Overview of the entity’s material responsible business conduct issues,Disclosure,Q24,"24. Overview of the entity’s material responsible business conduct issues Please indicate material responsible business conduct and sustainability issues pertaining to environmental and social matters that present a risk or an opportunity to your business, rationale for identifying the same, approach to adapt or mitigate the risk along-with its financial implications, as per the following format",Business responsibility and sustainability reporting by listed entitiesAnnexure1_p.pdf,5,5,24. Overview of the entity’s material responsible business conduct issues
Topic_C,SECTION B: MANAGEMENT AND PROCESS DISCLOSURES,Topic,C,"This section is aimed at helping businesses demonstrate the structures, policies and processes put in place towards adopting the NGRBC Principles and Core Elements.",Business responsibility and sustainability reporting by listed entitiesAnnexure1_p.pdf,6,7,SECTION B: MANAGEMENT AND PROCESS DISCLOSURES
Disclosure_Q12_5915260146687109247,"12. If answer to question (1) above is “No” i.e. not all Principles are covered by a policy,",Disclosure,Q12,"12. If answer to question (1) above is “No” i.e. not all Principles are covered by a policy, reasons to be stated:",Business responsibility and sustainability reporting by listed entitiesAnnexure1_p.pdf,7,7,"12. If answer to question (1) above is “No” i.e. not all Principles are covered by a policy,"
Topic_C,SECTION C: PRINCIPLE WISE PERFORMANCE DISCLOSURE,Topic,C,,Business responsibility and sustainability reporting by listed entitiesAnnexure1_p.pdf,8,35,SECTION C: PRINCIPLE WISE PERFORMANCE DISCLOSURE
Topic_Principle_Principle2,Principle2,Topic,2,PRINCIPLE 2 Businesses should provide goods and services in a manner that is sustainable and safe,Business responsibility and sustainability reporting by listed entitiesAnnexure1_p.pdf,11,12,Principle2
Disclosure_Q1_-2392206664169806609,1. Percentage of R&D and capital expenditure (capex) investments in specific technologies,Disclosure,Q1,"1. Percentage of R&D and capital expenditure (capex) investments in specific technologies to improve the environmental and social impacts of product and processes to total R&D and capex investments made by the entity, respectively.",Business responsibility and sustainability reporting by listed entitiesAnnexure1_p.pdf,11,11,1. Percentage of R&D and capital expenditure (capex) investments in specific technologies
Disclosure_Q2_993553119648207625,2. a. Does the entity have procedures in place for sustainable sourcing? (Yes/No),Disclosure,Q2,"2. a. Does the entity have procedures in place for sustainable sourcing? (Yes/No) b. If yes, what percentage of inputs were sourced sustainably? 3. Describe the processes in place to safely reclaim your products for reusing, recycling and disposing at the end of life, for (a) Plastics (including packaging) (b) E-waste (c) Hazardous waste and (d) other waste. 4. Whether Extended Producer Responsibility (EPR) is applicable to the entity’s activities (Yes / No). If yes, whether the waste collection plan is in line with the Extended Producer Responsibility (EPR) plan submitted to Pollution Control Boards? If not, provide steps taken to address the same.",Business responsibility and sustainability reporting by listed entitiesAnnexure1_p.pdf,11,11,2. a. Does the entity have procedures in place for sustainable sourcing? (Yes/No)
Disclosure_Q1_5400472672846956316,1. Has the entity conducted Life Cycle Perspective / Assessments (LCA) for any of its,Disclosure,Q1,"1. Has the entity conducted Life Cycle Perspective / Assessments (LCA) for any of its products (for manufacturing industry) or for its services (for service industry)? If yes, provide details in the following format? NIC Code",Business responsibility and sustainability reporting by listed entitiesAnnexure1_p.pdf,11,11,1. Has the entity conducted Life Cycle Perspective / Assessments (LCA) for any of its
Disclosure_Q2_-7654028964798056060,2. If there are any significant social or environmental concerns and/or risks arising from,Disclosure,Q2,"2. If there are any significant social or environmental concerns and/or risks arising from production or disposal of your products / services, as identified in the Life Cycle Perspective / Assessments (LCA) or through any other means, briefly describe the same along-with action taken to mitigate the same.",Business responsibility and sustainability reporting by listed entitiesAnnexure1_p.pdf,12,12,2. If there are any significant social or environmental concerns and/or risks arising from
Disclosure_Q3_-3265357679037348778,3. Percentage of recycled or reused input material to total material (by value) used in,Disclosure,Q3,3. Percentage of recycled or reused input material to total material (by value) used in production (for manufacturing industry) or providing services (for service industry).,Business responsibility and sustainability reporting by listed entitiesAnnexure1_p.pdf,12,12,3. Percentage of recycled or reused input material to total material (by value) used in
Disclosure_Q4_-3944139177791917493,"4. Of the products and packaging reclaimed at end of life of products, amount (in metric",Disclosure,Q4,"4. Of the products and packaging reclaimed at end of life of products, amount (in metric tonnes) reused, recycled, and safely disposed, as per the following format:",Business responsibility and sustainability reporting by listed entitiesAnnexure1_p.pdf,12,12,"4. Of the products and packaging reclaimed at end of life of products, amount (in metric"
Disclosure_Q5_2353254417785166082,5. Reclaimed products and their packaging materials (as percentage of products sold) for,Disclosure,Q5,5. Reclaimed products and their packaging materials (as percentage of products sold) for each product category.,Business responsibility and sustainability reporting by listed entitiesAnnexure1_p.pdf,12,12,5. Reclaimed products and their packaging materials (as percentage of products sold) for
Topic_Principle_Principle3,Principle3,Topic,3,"PRINCIPLE 3 Businesses should respect and promote the well-being of all employees, including those in their value chains",Business responsibility and sustainability reporting by listed entitiesAnnexure1_p.pdf,13,17,Principle3
Disclosure_Q3_2807243233294776226,3. Accessibility of workplaces,Disclosure,Q3,"3. Accessibility of workplaces Are the premises / offices of the entity accessible to differently abled employees and workers, as per the requirements of the Rights of Persons with Disabilities Act, 2016? If not, whether any steps are being taken by the entity in this regard.",Business responsibility and sustainability reporting by listed entitiesAnnexure1_p.pdf,14,14,3. Accessibility of workplaces
Disclosure_Q4_-3123861077020305546,4. Does the entity have an equal opportunity policy as per the Rights of Persons with,Disclosure,Q4,"4. Does the entity have an equal opportunity policy as per the Rights of Persons with Disabilities Act, 2016? If so, provide a web-link to the policy. 5. Return to work and Retention rates of permanent employees and workers that took parental leave.",Business responsibility and sustainability reporting by listed entitiesAnnexure1_p.pdf,14,14,4. Does the entity have an equal opportunity policy as per the Rights of Persons with
Disclosure_Q6_3907764899961729686,6. Is there a mechanism available to receive and redress grievances for the following,Disclosure,Q6,6. Is there a mechanism available to receive and redress grievances for the following listed entity: Category FY _____,Business responsibility and sustainability reporting by listed entitiesAnnexure1_p.pdf,14,15,6. Is there a mechanism available to receive and redress grievances for the following
Disclosure_Q10_4161507832348123442,10. Health and safety management system:,Disclosure,Q10,"10. Health and safety management system: a. Whether an occupational health and safety management system has been implemented by the entity? (Yes/ No). If yes, the coverage such system? b. What are the processes used to identify work-related hazards and assess risks on a routine and non-routine basis by the entity? c. Whether you have processes for workers to report the work related hazards and to remove themselves from such risks. (Y/N) and healthcare services? (Yes/ No) 11. Details of safety related incidents, in the following format:",Business responsibility and sustainability reporting by listed entitiesAnnexure1_p.pdf,15,16,10. Health and safety management system:
Disclosure_Q12_-2249747808568790235,12. Describe the measures taken by the entity to ensure a safe and healthy work place.,Disclosure,Q12,12. Describe the measures taken by the entity to ensure a safe and healthy work place.,Business responsibility and sustainability reporting by listed entitiesAnnexure1_p.pdf,16,16,12. Describe the measures taken by the entity to ensure a safe and healthy work place.
Disclosure_Q14_-7926207826839177328,14. Assessments for the year:,Disclosure,Q14,14. Assessments for the year: incidents (if any) and on significant risks / concerns arising from assessments of health & safety practices and working conditions.,Business responsibility and sustainability reporting by listed entitiesAnnexure1_p.pdf,16,16,14. Assessments for the year:
Disclosure_Q4_-6760028629458676025,4. Does the entity provide transition assistance programs to facilitate continued,Disclosure,Q4,4. Does the entity provide transition assistance programs to facilitate continued employability and the management of career endings resulting from retirement or termination of employment? (Yes/ No) 5. Details on assessment of value chain partners: concerns arising from assessments of health and safety practices and working conditions of value chain partners.,Business responsibility and sustainability reporting by listed entitiesAnnexure1_p.pdf,17,17,4. Does the entity provide transition assistance programs to facilitate continued
Topic_Principle_Principle4,Principle4,Topic,4,PRINCIPLE 4: Businesses should respect the interests of and be responsive to all its stakeholders,Business responsibility and sustainability reporting by listed entitiesAnnexure1_p.pdf,18,18,Principle4
Disclosure_Q1_991886090062196846,1. Describe the processes for identifying key stakeholder groups of the entity.,Disclosure,Q1,1. Describe the processes for identifying key stakeholder groups of the entity.,Business responsibility and sustainability reporting by listed entitiesAnnexure1_p.pdf,18,18,1. Describe the processes for identifying key stakeholder groups of the entity.
Disclosure_Q2_1920508722239472189,2. List stakeholder groups identified as key for your entity and the frequency of,Disclosure,Q2,2. List stakeholder groups identified as key for your entity and the frequency of engagement with each stakeholder group.,Business responsibility and sustainability reporting by listed entitiesAnnexure1_p.pdf,18,18,2. List stakeholder groups identified as key for your entity and the frequency of
Disclosure_Q1_5527958902670489695,1. Provide the processes for consultation between stakeholders and the Board on,Disclosure,Q1,"1. Provide the processes for consultation between stakeholders and the Board on economic, environmental, and social topics or if consultation is delegated, how is feedback from such consultations provided to the Board. 2. Whether stakeholder consultation is used to support the identification and management of environmental, and social topics (Yes / No). If so, provide details of instances as to how the inputs received from stakeholders on these topics were incorporated into policies and activities of the entity. 3. Provide details of instances of engagement with, and actions taken to, address the concerns of vulnerable/ marginalized stakeholder groups.",Business responsibility and sustainability reporting by listed entitiesAnnexure1_p.pdf,18,18,1. Provide the processes for consultation between stakeholders and the Board on
Topic_Principle_Principle5,Principle5,Topic,5,PRINCIPLE 5 Businesses should respect and promote human rights,Business responsibility and sustainability reporting by listed entitiesAnnexure1_p.pdf,19,21,Principle5
Disclosure_Q3_-2317914256164085455,"3. Details of remuneration/salary/wages, in the following format:",Disclosure,Q3,"3. Details of remuneration/salary/wages, in the following format: Workers",Business responsibility and sustainability reporting by listed entitiesAnnexure1_p.pdf,20,20,"3. Details of remuneration/salary/wages, in the following format:"
Disclosure_Q4_-1901395924236537313,4. Do you have a focal point (Individual/ Committee) responsible for addressing human,Disclosure,Q4,4. Do you have a focal point (Individual/ Committee) responsible for addressing human rights impacts or issues caused or contributed to by the business? (Yes/No) 5. Describe the internal mechanisms in place to redress grievances related to human rights issues.,Business responsibility and sustainability reporting by listed entitiesAnnexure1_p.pdf,20,20,4. Do you have a focal point (Individual/ Committee) responsible for addressing human
Disclosure_Q7_3167174011234362400,7. Mechanisms to prevent adverse consequences to the complainant in discrimination and,Disclosure,Q7,7. Mechanisms to prevent adverse consequences to the complainant in discrimination and harassment cases.,Business responsibility and sustainability reporting by listed entitiesAnnexure1_p.pdf,20,20,7. Mechanisms to prevent adverse consequences to the complainant in discrimination and
Disclosure_Q8_-4444341060604033333,8. Do human rights requirements form part of your business agreements and contracts?,Disclosure,Q8,8. Do human rights requirements form part of your business agreements and contracts?,Business responsibility and sustainability reporting by listed entitiesAnnexure1_p.pdf,20,20,8. Do human rights requirements form part of your business agreements and contracts?
Disclosure_Q9_-4734510892370556029,9. Assessments for the year:,Disclosure,Q9,9. Assessments for the year: concerns arising from the assessments at Question 9 above.,Business responsibility and sustainability reporting by listed entitiesAnnexure1_p.pdf,21,21,9. Assessments for the year:
Disclosure_Q1_6088715793221866031,1. Details of a business process being modified / introduced as a result of addressing,Disclosure,Q1,1. Details of a business process being modified / introduced as a result of addressing human rights grievances/complaints.,Business responsibility and sustainability reporting by listed entitiesAnnexure1_p.pdf,21,21,1. Details of a business process being modified / introduced as a result of addressing
Disclosure_Q2_-40429986442686167,2. Details of the scope and coverage of any Human rights due-diligence conducted.,Disclosure,Q2,2. Details of the scope and coverage of any Human rights due-diligence conducted.,Business responsibility and sustainability reporting by listed entitiesAnnexure1_p.pdf,21,21,2. Details of the scope and coverage of any Human rights due-diligence conducted.
Disclosure_Q3_5393232696613216204,"3. Is the premise/office of the entity accessible to differently abled visitors, as per the",Disclosure,Q3,"3. Is the premise/office of the entity accessible to differently abled visitors, as per the requirements of the Rights of Persons with Disabilities Act, 2016? 4. Details on assessment of value chain partners: concerns arising from the assessments at Question 4 above.",Business responsibility and sustainability reporting by listed entitiesAnnexure1_p.pdf,21,21,"3. Is the premise/office of the entity accessible to differently abled visitors, as per the"
Topic_Principle_Principle6,Principle6,Topic,6,PRINCIPLE 6: Businesses should respect and make efforts to protect and restore the environment,Business responsibility and sustainability reporting by listed entitiesAnnexure1_p.pdf,22,30,Principle6
Disclosure_Q1_-7605476517899833912,"1. Details of total energy consumption (in Joules or multiples) and energy intensity, in the",Disclosure,Q1,"1. Details of total energy consumption (in Joules or multiples) and energy intensity, in the following format: Note: Indicate if any independent assessment/ evaluation/assurance has been carried out by an external agency? (Y/N) If yes, name of the external agency.",Business responsibility and sustainability reporting by listed entitiesAnnexure1_p.pdf,22,22,"1. Details of total energy consumption (in Joules or multiples) and energy intensity, in the"
Disclosure_Q2_6171478959439255178,2. Does the entity have any sites / facilities identified as designated consumers (DCs) under,Disclosure,Q2,"2. Does the entity have any sites / facilities identified as designated consumers (DCs) under the Performance, Achieve and Trade (PAT) Scheme of the Government of India? (Y/N) If yes, disclose whether targets set under the PAT scheme have been achieved. In case targets have not been achieved, provide the remedial action taken, if any.",Business responsibility and sustainability reporting by listed entitiesAnnexure1_p.pdf,22,22,2. Does the entity have any sites / facilities identified as designated consumers (DCs) under
Disclosure_Q3_-4999668360558070019,"3. Provide details of the following disclosures related to water, in the following format:",Disclosure,Q3,"3. Provide details of the following disclosures related to water, in the following format: Note: Indicate if any independent assessment/ evaluation/assurance has been carried out by an external agency? (Y/N) If yes, name of the external agency.",Business responsibility and sustainability reporting by listed entitiesAnnexure1_p.pdf,22,23,"3. Provide details of the following disclosures related to water, in the following format:"
Disclosure_Q4_1874396111599425017,"4. Has the entity implemented a mechanism for Zero Liquid Discharge? If yes, provide details",Disclosure,Q4,"4. Has the entity implemented a mechanism for Zero Liquid Discharge? If yes, provide details of its coverage and implementation.",Business responsibility and sustainability reporting by listed entitiesAnnexure1_p.pdf,23,23,"4. Has the entity implemented a mechanism for Zero Liquid Discharge? If yes, provide details"
Disclosure_Q5_8637121145400939773,"5. Please provide details of air emissions (other than GHG emissions) by the entity, in the",Disclosure,Q5,"5. Please provide details of air emissions (other than GHG emissions) by the entity, in the following format: Note: Indicate if any independent assessment/ evaluation/assurance has been carried out by an external agency? (Y/N) If yes, name of the external agency.",Business responsibility and sustainability reporting by listed entitiesAnnexure1_p.pdf,23,23,"5. Please provide details of air emissions (other than GHG emissions) by the entity, in the"
Disclosure_Q6_-5874270398555975595,6. Provide details of greenhouse gas emissions (Scope 1 and Scope 2 emissions) & its,Disclosure,Q6,"6. Provide details of greenhouse gas emissions (Scope 1 and Scope 2 emissions) & its intensity, in the following format: Note: Indicate if any independent assessment/ evaluation/assurance has been carried out by an external agency? (Y/N) If yes, name of the external agency.",Business responsibility and sustainability reporting by listed entitiesAnnexure1_p.pdf,24,24,6. Provide details of greenhouse gas emissions (Scope 1 and Scope 2 emissions) & its
Disclosure_Q7_-7154105830269047396,"7. Does the entity have any project related to reducing Green House Gas emission? If Yes,",Disclosure,Q7,"7. Does the entity have any project related to reducing Green House Gas emission? If Yes, then provide details.",Business responsibility and sustainability reporting by listed entitiesAnnexure1_p.pdf,24,24,"7. Does the entity have any project related to reducing Green House Gas emission? If Yes,"
Disclosure_Q8_1419484420242406593,"8. Provide details related to waste management by the entity, in the following format:",Disclosure,Q8,"8. Provide details related to waste management by the entity, in the following format: Note: Indicate if any independent assessment/ evaluation/assurance has been carried out by an external agency? (Y/N) If yes, name of the external agency.",Business responsibility and sustainability reporting by listed entitiesAnnexure1_p.pdf,24,25,"8. Provide details related to waste management by the entity, in the following format:"
Disclosure_Q9_-1180754342078183070,9. Briefly describe the waste management practices adopted in your establishments. Describe,Disclosure,Q9,"9. Briefly describe the waste management practices adopted in your establishments. Describe the strategy adopted by your company to reduce usage of hazardous and toxic chemicals in your products and processes and the practices adopted to manage such wastes. parks, wildlife sanctuaries, biosphere reserves, wetlands, biodiversity hotspots, forests, coastal regulation zones etc.) where environmental approvals / clearances are required, please specify details in the following format:",Business responsibility and sustainability reporting by listed entitiesAnnexure1_p.pdf,25,25,9. Briefly describe the waste management practices adopted in your establishments. Describe
Disclosure_Q11_1366600324960417183,11. Details of environmental impact assessments of projects undertaken by the entity based,Disclosure,Q11,"11. Details of environmental impact assessments of projects undertaken by the entity based on applicable laws, in the current financial year:",Business responsibility and sustainability reporting by listed entitiesAnnexure1_p.pdf,26,26,11. Details of environmental impact assessments of projects undertaken by the entity based
Disclosure_Q12_1371309414590748650,12. Is the entity compliant with the applicable environmental law/ regulations/ guidelines in,Disclosure,Q12,"12. Is the entity compliant with the applicable environmental law/ regulations/ guidelines in India; such as the Water (Prevention and Control of Pollution) Act, Air (Prevention and Control of Pollution) Act, Environment protection act and rules thereunder (Y/N).  If not, provide details of all such non-compliances, in the following format:",Business responsibility and sustainability reporting by listed entitiesAnnexure1_p.pdf,26,26,12. Is the entity compliant with the applicable environmental law/ regulations/ guidelines in
Disclosure_Q1_-2941116562953374489,1. Provide break-up of the total energy consumed (in Joules or multiples) from renewable,Disclosure,Q1,"1. Provide break-up of the total energy consumed (in Joules or multiples) from renewable and non-renewable sources, in the following format: Note: Indicate if any independent assessment/ evaluation/assurance has been carried out by an external agency? (Y/N) If yes, name of the external agency.",Business responsibility and sustainability reporting by listed entitiesAnnexure1_p.pdf,26,27,1. Provide break-up of the total energy consumed (in Joules or multiples) from renewable
Disclosure_Q2_294300574630310733,2. Provide the following details related to water discharged:,Disclosure,Q2,"2. Provide the following details related to water discharged: Note: Indicate if any independent assessment/ evaluation/assurance has been carried out by an external agency? (Y/N) If yes, name of the external agency.",Business responsibility and sustainability reporting by listed entitiesAnnexure1_p.pdf,27,27,2. Provide the following details related to water discharged:
Disclosure_Q3_937559134512949447,"3. Water withdrawal, consumption and discharge in areas of water stress (in kilolitres):",Disclosure,Q3,"3. Water withdrawal, consumption and discharge in areas of water stress (in kilolitres): For each facility / plant located in areas of water stress, provide the following information: (i) Name of the area (iii) Water withdrawal, consumption and discharge in the following format: Note: Indicate if any independent assessment/ evaluation/assurance has been carried out by an external agency? (Y/N) If yes, name of the external agency.",Business responsibility and sustainability reporting by listed entitiesAnnexure1_p.pdf,28,29,"3. Water withdrawal, consumption and discharge in areas of water stress (in kilolitres):"
Disclosure_Q4_-6382315562112869290,"4. Please provide details of total Scope 3 emissions & its intensity, in the following format:",Disclosure,Q4,"4. Please provide details of total Scope 3 emissions & its intensity, in the following format: Note: Indicate if any independent assessment/ evaluation/assurance has been carried out by an external agency? (Y/N) If yes, name of the external agency. 5. With respect to the ecologically sensitive areas reported at Question 10 of Essential Indicators above, provide details of significant direct & indirect impact of the entity on biodiversity in such areas along-with prevention and remediation activities. 6. If the entity has undertaken any specific initiatives or used innovative technology or solutions to improve resource efficiency, or reduce impact due to emissions / effluent discharge / waste generated, please provide details of the same as well as outcome of such initiatives, as per the following format: Sr. No Initiative undertaken  Details of the initiative (Web-link, if Outcome of any, may be provided along-with the initiative summary)",Business responsibility and sustainability reporting by listed entitiesAnnexure1_p.pdf,29,29,"4. Please provide details of total Scope 3 emissions & its intensity, in the following format:"
Disclosure_Q7_-6135229753112979571,7. Does the entity have a business continuity and disaster management plan? Give details in,Disclosure,Q7,7. Does the entity have a business continuity and disaster management plan? Give details in 100 words/ web link.,Business responsibility and sustainability reporting by listed entitiesAnnexure1_p.pdf,30,30,7. Does the entity have a business continuity and disaster management plan? Give details in
Disclosure_Q8_-8405331482717645114,"8. Disclose any significant adverse impact to the environment, arising from the value chain of",Disclosure,Q8,"8. Disclose any significant adverse impact to the environment, arising from the value chain of the entity. What mitigation or adaptation measures have been taken by the entity in this regard.",Business responsibility and sustainability reporting by listed entitiesAnnexure1_p.pdf,30,30,"8. Disclose any significant adverse impact to the environment, arising from the value chain of"
Disclosure_Q9_-7969144881968328141,9. Percentage of value chain partners (by value of business done with such partners) that,Disclosure,Q9,9. Percentage of value chain partners (by value of business done with such partners) that were assessed for environmental impacts.,Business responsibility and sustainability reporting by listed entitiesAnnexure1_p.pdf,30,30,9. Percentage of value chain partners (by value of business done with such partners) that
Topic_Principle_Principle7,Principle7,Topic,7,"PRINCIPLE 7 Businesses, when engaging in influencing public and regulatory policy, should do so in a manner that is responsible and transparent",Business responsibility and sustainability reporting by listed entitiesAnnexure1_p.pdf,31,31,Principle7
Disclosure_Q1_-2404243060544308884,1. a. Number of affiliations with trade and industry chambers/ associations.,Disclosure,Q1,1. a. Number of affiliations with trade and industry chambers/ associations. b. List the top 10 trade and industry chambers/ associations (determined based on the total members of such body) the entity is a member of/ affiliated to.,Business responsibility and sustainability reporting by listed entitiesAnnexure1_p.pdf,31,31,1. a. Number of affiliations with trade and industry chambers/ associations.
Disclosure_Q2_3964124706495384678,2. Provide details of corrective action taken or underway on any issues related to anti-,Disclosure,Q2,"2. Provide details of corrective action taken or underway on any issues related to anti- competitive conduct by the entity, based on adverse orders from regulatory authorities.",Business responsibility and sustainability reporting by listed entitiesAnnexure1_p.pdf,31,31,2. Provide details of corrective action taken or underway on any issues related to anti-
Disclosure_Q1_-7589029273317480447,1. Details of public policy positions advocated by the entity:,Disclosure,Q1,1. Details of public policy positions advocated by the entity:,Business responsibility and sustainability reporting by listed entitiesAnnexure1_p.pdf,31,31,1. Details of public policy positions advocated by the entity:
Topic_Principle_Principle8,Principle8,Topic,8,PRINCIPLE 8 Businesses should promote inclusive growth and equitable development,Business responsibility and sustainability reporting by listed entitiesAnnexure1_p.pdf,32,33,Principle8
Disclosure_Q1_-2582330184210767677,1. Details of Social Impact Assessments (SIA) of projects undertaken by the entity based,Disclosure,Q1,"1. Details of Social Impact Assessments (SIA) of projects undertaken by the entity based on applicable laws, in the current financial year. Name and brief",Business responsibility and sustainability reporting by listed entitiesAnnexure1_p.pdf,32,32,1. Details of Social Impact Assessments (SIA) of projects undertaken by the entity based
Disclosure_Q2_6267500162017998685,2. Provide information on project(s) for which ongoing Rehabilitation and Resettlement,Disclosure,Q2,2. Provide information on project(s) for which ongoing Rehabilitation and Resettlement,Business responsibility and sustainability reporting by listed entitiesAnnexure1_p.pdf,32,32,2. Provide information on project(s) for which ongoing Rehabilitation and Resettlement
Disclosure_Q3_3686134045272743653,3. Describe the mechanisms to receive and redress grievances of the community.,Disclosure,Q3,3. Describe the mechanisms to receive and redress grievances of the community.,Business responsibility and sustainability reporting by listed entitiesAnnexure1_p.pdf,32,32,3. Describe the mechanisms to receive and redress grievances of the community.
Disclosure_Q4_-2907425612335370407,4. Percentage of input material (inputs to total inputs by value) sourced from suppliers:,Disclosure,Q4,4. Percentage of input material (inputs to total inputs by value) sourced from suppliers:,Business responsibility and sustainability reporting by listed entitiesAnnexure1_p.pdf,32,32,4. Percentage of input material (inputs to total inputs by value) sourced from suppliers:
Disclosure_Q1_-7024612116224278638,1. Provide details of actions taken to mitigate any negative social impacts identified in the,Disclosure,Q1,1. Provide details of actions taken to mitigate any negative social impacts identified in the,Business responsibility and sustainability reporting by listed entitiesAnnexure1_p.pdf,32,32,1. Provide details of actions taken to mitigate any negative social impacts identified in the
Disclosure_Q2_1620615386017990737,2. Provide the following information on CSR projects undertaken by your entity in,Disclosure,Q2,2. Provide the following information on CSR projects undertaken by your entity in,Business responsibility and sustainability reporting by listed entitiesAnnexure1_p.pdf,33,33,2. Provide the following information on CSR projects undertaken by your entity in
Disclosure_Q3_-3206953122699448029,3. (a) Do you have a preferential procurement policy where you give preference to,Disclosure,Q3,3. (a) Do you have a preferential procurement policy where you give preference to purchase from suppliers comprising marginalized /vulnerable groups? (Yes/No) (b) From which marginalized /vulnerable groups do you procure? (c) What percentage of total procurement (by value) does it constitute?,Business responsibility and sustainability reporting by listed entitiesAnnexure1_p.pdf,33,33,3. (a) Do you have a preferential procurement policy where you give preference to
Disclosure_Q4_-7047970970157743417,4. Details of the benefits derived and shared from the intellectual properties owned or,Disclosure,Q4,4. Details of the benefits derived and shared from the intellectual properties owned or,Business responsibility and sustainability reporting by listed entitiesAnnexure1_p.pdf,33,33,4. Details of the benefits derived and shared from the intellectual properties owned or
Disclosure_Q5_-7897665107139995218,"5. Details of corrective actions taken or underway, based on any adverse order in",Disclosure,Q5,"5. Details of corrective actions taken or underway, based on any adverse order in",Business responsibility and sustainability reporting by listed entitiesAnnexure1_p.pdf,33,33,"5. Details of corrective actions taken or underway, based on any adverse order in"
Topic_Principle_Principle9,Principle9,Topic,9,PRINCIPLE 9 Businesses should engage with and provide value to their consumers in a responsible manner,Business responsibility and sustainability reporting by listed entitiesAnnexure1_p.pdf,34,35,Principle9
Disclosure_Q1_4311818261372138569,1. Describe the mechanisms in place to receive and respond to consumer complaints and,Disclosure,Q1,1. Describe the mechanisms in place to receive and respond to consumer complaints and feedback.,Business responsibility and sustainability reporting by listed entitiesAnnexure1_p.pdf,34,34,1. Describe the mechanisms in place to receive and respond to consumer complaints and
Disclosure_Q2_-6323523607041347652,2. Turnover of products and/ services as a percentage of turnover from all products/service,Disclosure,Q2,2. Turnover of products and/ services as a percentage of turnover from all products/service,Business responsibility and sustainability reporting by listed entitiesAnnexure1_p.pdf,34,34,2. Turnover of products and/ services as a percentage of turnover from all products/service
Disclosure_Q3_-5674105995697276285,3. Number of consumer complaints in respect of the following: FY _____,Disclosure,Q3,3. Number of consumer complaints in respect of the following: FY _____,Business responsibility and sustainability reporting by listed entitiesAnnexure1_p.pdf,34,34,3. Number of consumer complaints in respect of the following: FY _____
Disclosure_Q4_2358137723503467206,4. Details of instances of product recalls on account of safety issues:,Disclosure,Q4,4. Details of instances of product recalls on account of safety issues:,Business responsibility and sustainability reporting by listed entitiesAnnexure1_p.pdf,34,34,4. Details of instances of product recalls on account of safety issues:
Disclosure_Q5_7184145804725927416,5. Does the entity have a framework/ policy on cyber security and risks related to data,Disclosure,Q5,"5. Does the entity have a framework/ policy on cyber security and risks related to data privacy? (Yes/No) If available, provide a web-link of the policy. 6. Provide details of any corrective actions taken or underway on issues relating to advertising, and delivery of essential services; cyber security and data privacy of customers; re-occurrence of instances of product recalls; penalty / action taken by regulatory authorities on safety of products / services.",Business responsibility and sustainability reporting by listed entitiesAnnexure1_p.pdf,34,34,5. Does the entity have a framework/ policy on cyber security and risks related to data
Disclosure_Q1_248820420737716290,1. Channels / platforms where information on products and services of the entity can be,Disclosure,Q1,"1. Channels / platforms where information on products and services of the entity can be accessed (provide web link, if available).",Business responsibility and sustainability reporting by listed entitiesAnnexure1_p.pdf,35,35,1. Channels / platforms where information on products and services of the entity can be
Disclosure_Q2_-6184972109569361964,2. Steps taken to inform and educate consumers about safe and responsible usage of,Disclosure,Q2,2. Steps taken to inform and educate consumers about safe and responsible usage of products and/or services.,Business responsibility and sustainability reporting by listed entitiesAnnexure1_p.pdf,35,35,2. Steps taken to inform and educate consumers about safe and responsible usage of
Disclosure_Q3_-284835273638619066,3. Mechanisms in place to inform consumers of any risk of disruption/discontinuation of,Disclosure,Q3,3. Mechanisms in place to inform consumers of any risk of disruption/discontinuation of essential services.,Business responsibility and sustainability reporting by listed entitiesAnnexure1_p.pdf,35,35,3. Mechanisms in place to inform consumers of any risk of disruption/discontinuation of
Disclosure_Q4_-1214561082357038127,4. Does the entity display product information on the product over and above what is,Disclosure,Q4,"4. Does the entity display product information on the product over and above what is mandated as per local laws? (Yes/No/Not Applicable) If yes, provide details in brief. Did your entity carry out any survey with regard to consumer satisfaction relating to the major products / services of the entity, significant locations of operation of the entity or the entity as a whole? (Yes/No)",Business responsibility and sustainability reporting by listed entitiesAnnexure1_p.pdf,35,35,4. Does the entity display product information on the product over and above what is
Disclosure_Q5_5558853835956809098,5. Provide the following information relating to data breaches:,Disclosure,Q5,5. Provide the following information relating to data breaches: a. Number of instances of data breaches along-with impact b. Percentage of data breaches involving personally identifiable information of customers,Business responsibility and sustainability reporting by listed entitiesAnnexure1_p.pdf,35,35,5. Provide the following information relating to data breaches:
Framework_ESRS_20E1_20Delegated_act_2023_5303_annex_1_en_pdf,ESRS_20E1_20Delegated-act-2023-5303-annex-1_en,Framework,ESRS,,ESRS_20E1_20Delegated-act-2023-5303-annex-1_en.pdf,,,
Topic_ESRS_E1,ESRS E1 Standard,Topic,ESRS E1,,ESRS_20E1_20Delegated-act-2023-5303-annex-1_en.pdf,1,40,ESRS E1 Standard
Topic_ESRS_E1,ESRS E1 CLIMATE CHANGE Table of contents,Topic,ESRS E1,,ESRS_20E1_20Delegated-act-2023-5303-annex-1_en.pdf,1,40,ESRS E1 CLIMATE CHANGE Table of contents
Disclosure_Disclosure_Requirement_E1_7_GHG_removals_and_GHG_mitigation_projects_financed_through_carbon_credi,Disclosure Requirement E1-7 – GHG removals and GHG mitigation projects financed through carbon credits o Disclosure Requ,Disclosure,Disclosure Requirement E1-7 – GHG removals and GHG mitigation projects financed through carbon credi,Disclosure Requirement E1-7 – GHG removals and GHG mitigation projects financed through carbon credits o Disclosure Requirement E1-8 – Internal carbon pricing o Disclosure Requirement E1-9 – Anticipated financial effects from material physical and transition risks and potential climate-related opportunities 1,ESRS_20E1_20Delegated-act-2023-5303-annex-1_en.pdf,1,3,Disclosure Requirement E1-7 – GHG removals and GHG mitigation projects financed through carbon credits o Disclosure Requ
Requirement_-4031932083983167612,Objective,Requirement,Objective,"1. The objective of this Standard is to specify Disclosure Requirements which will enable users of sustainability statements to understand: (a) how the undertaking affects climate change, in terms of material positive and negative actual and potential impacts; (b) the undertaking’s past, current, and future mitigation efforts in line with the Paris Agreement (or an updated international agreement on climate change) and compatible with limiting global warming to 1.5°C; (c) the plans and capacity of the undertaking to adapt its strategy and business model, in line with the transition to a sustainable economy and to contribute to limiting global warming to 1.5°C; (d) any other actions taken by the undertaking, and the result of such actions to prevent, mitigate or remediate actual or potential negative impacts, and to address risks and opportunities ; (e) the nature, type and extent of the undertaking’s material risks and opportunities arising from the undertaking’s impacts and dependencies on climate change, and how the undertaking manages them; and (f) the financial effects on the undertaking over the short-, medium- and long-term of risks and opportunities arising from the undertaking’s impacts and dependencies on climate change. 2. The Disclosure Requirements of this Standard take into account the requirements of related EU legislation and regulation (i.e., EU Climate Law 1 , Climate eenchmark Standards Regulation 2 , Sustainable Finance Disclosure Regulation (SFDR) 3 , EU Taxonomy 33 , and EeA Pillar 3 disclosure requirements 34 ). 3. This Standard covers Disclosure Requirements related to the following sustainability matters: “ Climate change mitigation ” and “ Climate change adaptation ”. It also covers energy-related matters, to the extent that they are relevant to climate change. 4. Climate change mitigation relates to the undertaking’s endeavours to the general process of limiting the increase in the global average temperature to 1,5 °C above pre-industrial levels in line with the Paris Agreement. This Standard covers disclosure requirements related but not limited to the seven Greenhouse gases (GHG) carbon dioxide (CO2), methane (CH4), nitrous oxide (N2O), hydrofluorocarbons (HFCs), perfluorocarbons (PFCs), sulphur hexafluoride (SF6) and nitrogen trifluoride (NF3). It also covers Disclosure Requirements on how the undertaking addresses its GHG emissions as well as the associated transition risks . 5. Climate change adaptation relates to the undertaking’s process of adjustment to actual and expected climate change. 6. This Standard covers Disclosure Requirements regarding climate-related hazards that can lead to physical climate risks for the undertaking and its adaptation solutions to reduce these 1 Regulation (EU) 2021/1119 of the European Parliament and of the Council of 30 June 2021 establishing the framework for achieving climate neutrality and amending Regulations (EC) No 401/2009 and (EU) 2018/1999 (‘European Climate Law’) (OJ L 243, 9.7.2021, p. 1). 2 Commission Delegated Regulation (EU) 2020/1818 of 17 July 2020 supplementing Regulation (EU) 2016/1011 of the European Parliament and of the Council as regards minimum standards for EU Climate Transition eenchmarks and EU Parisaligned eenchmarks (OJ L 406, 3.12.2020, p. 17). 3 Regulation (EU) 2019/2088 of the European Parliament and of the Council of 27 November 2019 on sustainability ‐ related disclosures in the financial services sector (Sustainable Finance Disclosures Regulation) (OJ L 317, 9.12.2019, p. 1). 33 Regulation (EU) 2020/852 of the European Parliament and of the Council of 18 June 2020 on the establishment of a framework to facilitate sustainable investment, and amending Regulation (EU) 2019/2088 (OJ L 198, 22.6.2020, p. 13). 34 Commission Implementing Regulation (EU) 2022/2453 of 30 November 2022 amending the implementing technical standards laid down in Implementing Regulation (EU) 2021/637 as regards the disclosure of environmental, social and governance risks (OJ L 324,19.12.2022, p.1.). 2 risks. It also covers transition risks arising from the needed adaptation to climate- related hazards. 7. The Disclosure Requirements related to “Energy” cover all types of energy production and consumption.",ESRS_20E1_20Delegated-act-2023-5303-annex-1_en.pdf,2,3,Objective
Requirement_8200059544884301634,Interactions with other ESRS,Requirement,Interactions with other ESRS,"8. Ozone-depleting substances (ODS), nitrogen oxides (NOX) and sulphur oxides (SOX), among other air emissions, are connected to climate change but are covered under the reporting requirements in ESRS E2. 9. Impacts on people that may arise from the transition to a climate-neutral economy are covered under the ESRS S1 Own workforce, ESRS S2 Workers in the value chain, ESRS S3 Affected communities and ESRS S4 Consumers and end-users. 10. Climate change mitigation and adaptation are closely related to topics addressed in particular in ESRS E3 Water and marine resources and ESRS E4 Biodiversity and ecosystems . With regard to water and as illustrated in the table of climate-related hazards in AR 11, this standard addresses acute and chronic physical risks which arise from the water and ocean-related hazards. Biodiversity loss and ecosystem degradation that may be caused by climate change are addressed in ESRS E4 Biodiversity and ecosystems . 11. This Standard should be read and applied in conjunction with ESRS 1 General requirements and ESRS 2 General disclosures. Disclosure Requirements ESRS 2 General disclosures 12. The requirements of this section should be read and applied in conjunction with the disclosures required by ESRS 2 on Chapter 2 Governance , Chapter 3 Strategy and Chapter 4 Impact, risk and opportunity management . The resulting disclosures shall be presented in the sustainability statement alongside the disclosures required by ESRS 2, except for ESRS 2 SeM-3 Material impacts, risks and opportunities and their interaction with strategy and business model , for which the undertaking may, in accordance with ESRS2 paragraph 46, present the disclosures alongside the other disclosures required in this topical standard. 13. The undertaking shall disclose whether and how climate-related considerations are factored into the remuneration of members of the administrative, management and supervisory bodies , including if their performance has been assessed against the GHG emission reduction targets reported under Disclosure Requirement E1-4 and the percentage of the remuneration recognised in the current period that is linked to climate related considerations, with an explanation of what the climate considerations are.",ESRS_20E1_20Delegated-act-2023-5303-annex-1_en.pdf,3,3,Interactions with other ESRS
Disclosure_Disclosure_Requirement_E1_1_Transition_plan_for_climate_change_mitigation,Disclosure Requirement E1-1 – Transition plan for climate change mitigation,Disclosure,Disclosure Requirement E1-1 – Transition plan for climate change mitigation,"Disclosure Requirement E1-1 – Transition plan for climate change mitigation 3 15. The objective of this Disclosure Requirement is to enable an understanding of the undertaking’s past, current, and future mitigation efforts to ensure that its strategy and business model are compatible with the transition to a sustainable economy, and with the limiting of global warming to 1.5 °C in line with the Paris Agreement and with the objective of achieving climate neutrality by 2050 and, where relevant, the undertaking’s exposure to coal, oil and gas-related activities. 16. The information required by paragraph 14 shall include: (a) by reference to GHG emission reduction targets (as required by Disclosure Requirement E1-4), an explanation of how the undertaking’s targets are compatible with the limiting of global warming to 1.5°C in line with the Paris Agreement; (b) by reference to GHG emission reduction targets (as required by Disclosure Requirement E1-4) and the climate change mitigation actions (as required by Disclosure Requirement E1-3), an explanation of the decarbonisation levers identified, and key actions planned, including changes in the undertaking’s product and service portfolio and the adoption of new technologies in its own operations, or the upstream and/or downstream value chain; (c) by reference to the climate change mitigation actions (as required by Disclosure Requirement E1-3), an explanation and quantification of the undertaking’s investments and funding supporting the implementation of its transition plan, with a reference to the key performance indicators of taxonomy-aligned CapEx, and where relevant the CapEx plans, that the undertaking discloses in accordance with Commission Delegated Regulation (EU) 2021/2178; (d) a qualitative assessment of the potential locked-in GHG emissions from the undertaking’s key assets and products. This shall include an explanation of if and how these emissions may jeopardise the achievement of the undertaking’s GHG emission reduction targets and drive transition risk , and if applicable, an explanation of the undertaking’s plans to manage its GHG-intensive and energyintensive assets and products; (e) for undertakings with economic activities that are covered by delegated regulations on climate adaptation or mitigation under the Taxonomy Regulation, an explanation of any objective or plans (CapEX, CapEx plans, OpEX) that the undertaking has for aligning its economic activities (revenues, CapEx, OpEx) with the criteria established in Commission Delegated Regulation 2021/2139 36 ; (f) if applicable, a disclosure of significant CapEx amounts invested during the reporting period related to coal, oil and gas-related economic activities; 37 35 This information is aligned with the Regulation (EU) 2021/1119 of the European Parliament and of the Council (EU Climate Law), Article 2 (1); and with Commission Delegated Regulation (EU) 2020/1818 (Climate eenchmark Regulation), Article 2. 36 Commission Delegated Regulation (EU) 2021/2139 of 4 June 2021 supplementing Regulation (EU) 2020/852 of the European Parliament and of the Council by establishing the technical screening criteria for determining the conditions under which an economic activity qualifies as contributing substantially to climate change mitigation or climate change adaptation and for determining whether that economic activity causes no significant harm to any of the other environmental objectives (OJ L 442, 9.12.2021, p. 1). 37 The CapEx amounts considered are related to the following NACE codes: (a) e.05 Mining of coal and lignite, e.06 Extraction of crude petroleum and natural gas (limited to crude petroleum), e.09.1 Support activities for petroleum and natural gas extraction (limited to crude petroleum), (b) C.19 Manufacture of coke and refined petroleum products, (c) D.35.1 - Electric power generation, transmission and distribution, (d) D.35.3 - Steam and air conditioning supply (limited to coal-fired and oil-fired power and/or heat generation), (e) G.46.71 - Wholesale of solid, liquid and gaseous fuels and related products (limited to solid and liquid fuels). (g) a disclosure on whether or not the undertaking is excluded from the EU Paris-aligned eenchmarks; 38 (h) an explanation of how the transition plan is embedded in and aligned with the undertaking’s overall business strategy and financial planning; 4 (i) whether the transition plan is approved by the administrative, management and supervisory bodies ; and (j) an explanation of the undertaking’s progress in implementing the transition plan. 17. In case the undertaking does not have a transition plan in place, it shall indicate whether and, if so, when it will adopt a transition plan.",ESRS_20E1_20Delegated-act-2023-5303-annex-1_en.pdf,3,5,Disclosure Requirement E1-1 – Transition plan for climate change mitigation
Disclosure_Disclosure_Requirement_related_to_ESRS_2_SBM_3_Material_impacts_risks_and_opportunities_and_their,"Disclosure Requirement related to ESRS 2 SBM-3 – Material impacts, risks and opportunities and their interaction with st",Disclosure,"Disclosure Requirement related to ESRS 2 SBM-3 – Material impacts, risks and opportunities and their","Disclosure Requirement related to ESRS 2 SBM-3 – Material impacts, risks and opportunities and their interaction with strategy and business model 18. The undertaking shall explain for each material climate-related risk it has identified, whether the entity considers the risk to be a climate-related physical risk or climate-related transition risk . 19. The undertaking shall describe the resilience of its strategy and business model in relation to climate change. This description shall include: (a) the scope of the resilience analysis; (b) how and when the resilience analysis has been conducted, including the use of climate scenario analysis as referenced in the Disclosure Requirement related to ESRS 2 IRO- 1 and the related application requirement paragraphs; and (c) the results of the resilience analysis including the results from the use of scenario analysis. 20. The undertaking shall describe the process to identify and assess climate-related impacts, risks and opportunities . This description shall include its process in relation to: (a) impacts on climate change, in particular, the undertaking’s GHG emissions (as required by Disclosure Requirement ESRS E1-6); (b) climate-related physical risks in own operations and along the upstream and downstream value chain , in particular: i. the identification of climate-related hazards, considering at least high emission climate scenarios ; and ii. the assessment of how its assets and business activities may be exposed and are sensitive to these climate-related hazards, creating gross physical risks for the undertaking. For gas-related activities, the NACE code definition addresses activities with direct GHG emissions that are higher than 270 gCO2/KWh. 38 This disclosure requirement is included consistent with the requirements in Commission Implementing Regulation (EU) 2022/2453 template I climate change transition risk; and is aligned with Commission Delegated Regulation (EU) 2020/1818 (Climate eenchmark Regulation), Articles 12.1 (d) to (g) and 12.2. (c) climate-related transition risks and opportunities in own operations and along the upstream and downstream value chain , in particular: 5 i. the identification of climate-related transition events, considering at least a climate scenario in line with limiting global warming to 1.5°C with no or limited overshoot; and ii. the assessment of how its assets and business activities may be exposed to these climate-related transition events, creating gross transition risks or opportunities for the undertaking. 21. When disclosing the information required under paragraphs 20 (b)and 20 (c) the undertaking shall explain how it has used climate-related scenario analysis, including a range of climate scenarios, to inform the identification and assessment of physical risks and transition risks and opportunities over the short-, medium- and long-term. Disclosure Requirement E1-2 – Policies related to climate change mitigation and adaptation 22. The undertaking shall describe its policies adopted to manage its material impacts , risks and opportunities related to climate change mitigation and adaptation . 23. The objective of this Disclosure Requirement is to enable an understanding of the extent to which the undertaking has policies that address the identification, assessment, management and/or remediation of its material climate change mitigation and adaptation impacts, risks and opportunities. 24. The disclosure required by paragraph 22 shall contain the information on the policies the undertaking has in place to manage its material impacts, risks and opportunities related to climate change mitigation and adaptation in accordance with ESRS 2 MDR-P Policies adopted to manage material sustainability matters . 25. The undertaking shall indicate whether and how its policies address the following areas: (a) climate change mitigation ; (b) climate change adaptation ; (c) energy efficiency; (d) renewable energy deployment; and (e) other",ESRS_20E1_20Delegated-act-2023-5303-annex-1_en.pdf,5,6,"Disclosure Requirement related to ESRS 2 SBM-3 – Material impacts, risks and opportunities and their interaction with st"
Disclosure_Disclosure_Requirement_E1_3_Actions_and_resources_in_relation_to_climate_change_policies,Disclosure Requirement E1-3 – Actions and resources in relation to climate change policies,Disclosure,Disclosure Requirement E1-3 – Actions and resources in relation to climate change policies,"Disclosure Requirement E1-3 – Actions and resources in relation to climate change policies 26. The undertaking shall disclose its climate change mitigation and adaptation actions and the resources allocated for their implementation. 27. The objective of this Disclosure Requirement is to provide an understanding of the key actions taken and planned to achieve climate-related policy objectives and targets. 28. The description of the actions and resources related to climate change mitigation and adaptation shall follow the principles stated in ESRS 2 MDR-A Actions and resources in relation to material sustainability matters . 29. In addition to ESRS 2 MDR-A, the undertaking shall: (a) when listing key actions taken in the reporting year and planned for the future, present the climate change mitigation actions by decarbonisation lever including the nature- based solutions; (b) when describing the outcome of the actions for climate change mitigation, include the achieved and expected GHG emission reductions ; and 6 (c) relate significant monetary amounts of CapEx and OpEx required to implement the actions taken or planned to: i. the relevant line items or notes in the financial statements; ii. the key performance indicators required under Commission Delegated Regulation (EU) 2021/2178; and iii. if applicable, the CapEx plan required by Commission Delegated Regulation (EU) 2021/2178.",ESRS_20E1_20Delegated-act-2023-5303-annex-1_en.pdf,6,7,Disclosure Requirement E1-3 – Actions and resources in relation to climate change policies
Disclosure_Disclosure_Requirement_E1_4_Targets_related_to_climate_change_mitigation_and_adaptation,Disclosure Requirement E1-4 – Targets related to climate change mitigation and adaptation,Disclosure,Disclosure Requirement E1-4 – Targets related to climate change mitigation and adaptation,"Disclosure Requirement E1-4 – Targets related to climate change mitigation and adaptation 30. The undertaking shall disclose the climate-related targets it has set. 31. The objective of this Disclosure Requirement is to enable an understanding of the targets the undertaking has set to support its climate change mitigation and adaptation policies and address its material climate-related impacts, risks and opportunities. 32. The disclosure of the targets required in paragraph 30 shall contain the information required in ESRS 2 MDR-T Tracking effectiveness of policies and actions through targets . 33. For the disclosure required by paragraph 30, the undertaking shall disclose whether and how it has set GHG emissions reduction targets and/or any other targets to manage material climate-related impacts, risks and opportunities , for example, renewable energy deployment, energy efficiency, climate change adaptation , and physical or transition risk mitigation. 34. If the undertaking has set GHG emission reduction targets 4 , ESRS 2 MDR-T and the following requirements shall apply: (a) GHG emission reduction targets shall be disclosed in absolute value (either in tonnes of CO2eq or as a percentage of the emissions of a base year) and, where relevant, in intensity value; (b) GHG emission reduction targets shall be disclosed for Scope 1, 2 , and 3 GHG emissions, either separately or combined. The undertaking shall specify, in case of combined GHG emission reduction targets , which GHG emission Scopes (1, 2 and/or 3) are covered by the target, the share related to each respective GHG emission Scope and which GHGs are covered. The undertaking shall explain how the consistency of these targets with its GHG inventory boundaries is ensured (as required by Disclosure Requirement E1-6). The GHG emission reduction targets shall be gross targets, meaning that the undertaking shall not include GHG removals, carbon credits or avoided emissions as a means of achieving the GHG emission reduction targets; (c) the undertaking shall disclose its current base year and baseline value, and from 2030 onwards, update the base year for its GHG emission reduction targets after every five- year period thereafter. The undertaking may disclose the past progress made in meeting its targets before its current base year provided that this information is consistent with the requirements of this Standard; 4 This information supports the information needs of financial market participants subject to Regulation (EU) 2019/2088 (SFDR) because it is derived from an additional indicator related to principal adverse impacts as set out by indicator #4 in Table II of Annex I of Commission Delegated Regulation (EU) 2022/1288 with regard to disclosure rules on sustainable investments (“Investments in companies without carbon emission reduction initiatives”); and is aligned with the Commission Delegated Regulation (EU) 2020/1818 (Climate eenchmark Regulation), Article 6. 7 (d) GHG emission reduction targets shall at least include target values for the year 2030 and, if available, for the year 2050. From 2030, target values shall be set after every 5year period thereafter; (e) the undertaking shall state whether the GHG emission reduction targets are science- based and compatible with limiting global warming to 1.5°C. The undertaking shall state which framework and methodology has been used to determine these targets including whether they are derived using a sectoral decarbonisation pathway and what the underlying climate and policy scenarios are and whether the targets have been externally assured . As part of the critical assumptions for setting GHG emission reduction targets, the undertaking shall briefly explain how it has considered future developments (e.g., changes in sales volumes, shifts in customer preferences and demand, regulatory factors, and new technologies) and how these will potentially impact both its GHG emissions and emissions reductions; and (f) the undertaking shall describe the expected decarbonisation levers and their overall quantitative contributions to achieve the GHG emission reduction targets (e.g., energy or material efficiency and consumption reduction, fuel switching, use of renewable energy , phase out or substitution of product and process). Disclosure Requirement E1-5 – Energy consumption and mix 35. The undertaking shall provide information on its energy consumption and mix. 36. The objective of this Disclosure Requirement is to provide an understanding of the undertaking’s total energy consumption in absolute value, improvement in energy efficiency, exposure to coal, oil and gas-related activities, and the share of renewable energy in its overall energy mix. 37. The disclosure required by paragraph 35 shall include the total energy consumption in MWh related to own operations disaggregated by: (a) total energy consumption from fossil sources 5 ; (b) total energy consumption from nuclear sources; (c) total energy consumption from renewable sources disaggregated by: i. fuel consumption for renewable sources including biomass (also comprising industrial and municipal waste of biologic origin), biofuels, biogas, hydrogen from renewable sources 6 , etc.; ii. consumption of purchased or acquired electricity, heat, steam, and cooling from renewable sources; and iii. consumption of self-generated non-fuel renewable energy. 38. The undertaking with operations in high climate impact sectors 7 shall further disaggregate their total energy consumption from fossil sources by: 5 This information supports the information needs of financial market participants subject to Regulation (EU) 2019/2088 because it is derived from a mandatory indicator related to principal adverse impacts as set out by indicator #5 in Table I of Annex I of Commission Delegated Regulation (EU) 2022/1288 with regard to disclosure rules on sustainable investments (“Share of non-renewable energy consumption and production”). The breakdown serves as a reference for an additional indicator related to principal adverse impacts as set out by indicator #5 in Table II of the same Annex (“ereakdown of energy consumption by type of non-renewable sources of energy”). 6 Compliant with the requirements in delegated acts for hydrogen from renewable sources: Commission Delegated Regulation of 10 February 2023 supplementing Directive (EU) 2018/2001 of the European Parliament and of the Council by establishing a Union methodology setting out detailed rules for the production of renewable liquid and gaseous transport fuels of non- biological origin; and Commission Delegated Regulation of 10 February 2023 supplementing Directive (EU) 2018/2001 of the European Parliament and of the Council by establishing a minimum threshold for greenhouse gas emissions savings of recycled carbon fuels and by specifying a methodology for assessing greenhouse gas emissions savings from renewable liquid and gaseous transport fuels of non-biological origin and from recycled carbon fuel. 7 High climate impact sectors are those listed in NACE Sections A to H and Section L (as defined in Commission Delegated Regulation (EU) 2022/1288). 8 (a) fuel consumption from coal and coal products; (b) fuel consumption from crude oil and petroleum products; (c) fuel consumption from natural gas; (d) fuel consumption from other fossil sources; (e) consumption of purchased or acquired electricity, heat, steam, or cooling from fossil sources; 39. In addition, where applicable, the undertaking shall disaggregate and disclose separately its non-renewable energy production and renewable energy production in MWh. 8 Energy intensity based on net revenue 9 40. The undertaking shall provide information on the energy intensity (total energy consumption per net revenue) associated with activities in high climate impact sectors . 41. The disclosure on energy intensity required by paragraph 40 shall only be derived from the total energy consumption and net revenue from activities in high climate impact sectors . 42. The undertaking shall specify the high climate impact sectors that are used to determine the energy intensity required by paragraph 40. 43. The undertaking shall disclose the reconciliation to the relevant line item or notes in the financial statements of the net revenue amount from activities in high climate impact sectors (the denominator in the calculation of the energy intensity required by paragraph 40). Disclosure Requirement E1-6 – Gross Scopes 1, 2, 3 and Total GHG emissions 44. The undertaking shall disclose in metric tonnes of CO2eq its 10 : (a) gross Scope 1 GHG emissions; (b) gross Scope 2 GHG emissions; (c) gross Scope 3 GHG emissions; and (d) 45. The objective of the Disclosure Requirement in paragraph 44 in respect of: (a) gross Scope 1 GHG emissions as required by paragraph 44 (a) is to provide an understanding of the direct impacts of the undertaking on climate change and the proportion of its total GHG emissions that are regulated under emission trading schemes. (b) gross Scope 2 GHG emissions as required by paragraph 44 (b) is to provide an understanding of the indirect impacts on climate change caused by the undertaking’s consumed energy whether externally purchased or acquired. (c) gross Scope 3 GHG emissions as required by paragraph 44 (c) is to provide an understanding of the GHG emissions that occur in the undertaking’s upstream and 8 This information supports the information needs of financial market participants subject to Regulation (EU) 2019/2088 because it is derived from a mandatory indicator related to principal adverse impacts as set out by indicator #5 in Table I of Annex I of  Commission Delegated Regulation (EU) 2022/1288 with regard to disclosure rules on sustainable investments (“Share of non-renewable energy consumption and production”). 9 This information supports the information needs of financial market participants subject to Regulation (EU) 2019/2088 because it is derived from a mandatory indicator related to principal adverse impacts as set out by indicator #6 in Table I of Annex I of Commission Delegated Regulation (EU) 2022/1288 with regard to disclosure rules on sustainable investments (“Energy consumption intensity per high climate impact sector”). 10 This information supports the information needs of financial market participants subject to Regulation (EU) 2019/2088 because it is derived from a mandatory indicator related to principal adverse impacts as set out by indicators #1 and #2 in Table I of Annex I of Commission Delegated Regulation (EU) 2022/1288 with regard to disclosure rules on sustainable investments (“GHG emissions” and “Carbon footprint”). This information is aligned with Commission Delegated Regulation (EU) 2020/1818 (Climate eenchmark Regulation), Articles 5 (1), 6 and 8 (1). 9 downstream value chain beyond its Scope 1 and 2 GHG emissions. For many undertakings, Scope 3 GHG emissions may be the main component of their GHG inventory and are an important driver of the undertaking’s transition risks . (d) total GHG emissions as required by paragraph 44 (d) is to provide an overall understanding of the undertaking’s GHG emissions and whether they occur from its own operations or the upstream and downstream value chain. This disclosure is a prerequisite for measuring progress towards reducing GHG emissions in accordance with the undertaking’s climate-related targets and EU policy goals. The information from this Disclosure Requirement is also needed to understand the undertaking’s climate-related transition risks. 46. When disclosing the information on GHG emissions required under paragraph 44, the undertaking shall refer to ESRS 1 paragraphs from 62 to 67. In principle, the data on GHG emissions of its associates or joint ventures that are part of the undertaking’s upstream and downstream value chain (ESRS 1 Paragraph 67) are not limited to the share of equity held. For its associates, joint ventures, unconsolidated subsidiaries (investment entities) and contractual arrangements that are joint arrangements not structured through an entity (i.e., jointly controlled operations and assets), the undertaking shall include the GHG emissions in accordance with the extent of the undertaking’s operational control over them. 47. In case of significant changes in the definition of what constitutes the reporting undertaking and its upstream and downstream value chain , the undertaking shall disclose these changes and explain their effect on the year-to-year comparability of its reported GHG emissions (i.e., the effect on the comparability of current versus previous reporting period GHG emissions). 48. The disclosure on gross Scope 1 GHG emissions required by paragraph 44 (a) shall include: (a) the gross Scope 1 GHG emissions in metric tonnes of CO2eq; and (b) the percentage of Scope 1 GHG emissions from regulated emission trading schemes. 49. The disclosure on gross Scope 2 GHG emissions required by paragraph 44 (b) shall include: (a) the gross location-based Scope 2 GHG emissions in metric tonnes of CO 2 eq; and (b) the gross market-based Scope 2 GHG emissions in metric tonnes of CO 2 eq. 50. For Scope 1 and Scope 2 emissions disclosed as required by paragraphs 44 (a) and (b) the undertaking shall disaggregate the information, separately disclosing emissions from: (a) the consolidated accounting group (the parent and subsidiaries); and (b) investees such as associates, joint ventures, or unconsolidated subsidiaries that are not fully consolidated in the financial statements of the consolidated accounting group, as well as contractual arrangements that are joint arrangements not structured through an entity (i.e., jointly controlled operations and assets), for which it has operational control. 51. The disclosure of gross Scope 3 GHG emissions required by paragraph 44 (c) shall include GHG emissions in metric tonnes of CO2eq from each significant Scope 3 category (i.e. each Scope 3 category that is a priority for the undertaking) . 52. The disclosure of total GHG emissions required by paragraph 44 (d) shall be the sum of Scope 1, 2 and 3 GHG emissions required by paragraphs 44 (a) to (c). The total GHG emissions shall be disclosed with a disaggregation that makes a distinction of: (a) the total GHG emissions derived from the underlying Scope 2 GHG emissions being measured using the location-based method; and 10 the total GHG emissions derived from the underlying Scope 2 GHG emissions being measured using the market-based method. GHG Intensity based on net revenue 11 53. The undertaking shall disclose its GHG emissions intensity (total GHG emissions per net revenue). 54. The disclosure on GHG intensity required by paragraph 53 shall provide the total GHG emissions in metric tonnes of CO 2 eq (required by paragraph 44 (d)) per net revenue. 55. The undertaking shall disclose the reconciliation to the relevant line item or notes in the financial statements of the net revenue amounts (the denominator in the calculation of the GHG emissions intensity required by paragraph 53). Disclosure Requirement E1-7 – GHG removals and GHG mitigation projects financed through carbon credits 56. The undertaking shall disclose: (a) GHG removals and storage in metric tonnes of CO2eq resulting from projects it may have developed in its own operations, or contributed to in its upstream and downstream value chain; and (b) the amount of GHG emission reductions or removals from climate change mitigation projects outside its value chain it has financed or intends to finance through any purchase of carbon credits. 57. The objective of this Disclosure Requirement is: (a) to provide an understanding of the undertaking’s actions to permanently remove or actively support the removal of GHG from the atmosphere, potentially for achieving net-zero targets (as stated in paragraph 60). (b) to provide an understanding of the extent and quality of carbon credits the undertaking has purchased or intends to purchase from the voluntary market, potentially for supporting its GHG neutrality claims (as stated in paragraph 61). 58. The disclosure on GHG removals and storage required by paragraph 56 (a) shall include, if applicable: (a) the total amount of GHG removals and storage in metric tonnes of CO2eq disaggregated and separately disclosed for the amount related to the undertaking’s own operations and its upstream and downstream value chain, and broken down by removal activity; and (b) the calculation assumptions, methodologies and frameworks applied by the undertaking. 59. The disclosure on carbon credits required by paragraph 56 (b) shall include, if applicable: (a) the total amount of carbon credits outside the undertaking’s value chain in metric tonnes of CO2eq that are verified against recognised quality standards and cancelled in the reporting period; and the total amount of carbon credits outside the undertaking’s value chain in metric tonnes of CO2eq planned to be cancelled in the future and whether they are based on existing contractual agreements or not. 60. In the case where the undertaking discloses a net-zero target in addition to the gross GHG emission reduction targets in accordance with Disclosure Requirement E1-4, paragraph 30, it shall explain the scope, methodologies and frameworks applied and how the residual GHG emissions (after approximately 11 This information supports the information needs of financial market participants subject to Regulation (EU) 2019/2088 because it is derived from a mandatory indicator related to principal adverse impacts as set out by indicator #3 in Table I of Annex I of Commission Delegated Regulation (EU) 2022/1288 with regard to disclosure rules on sustainable investments (“GHG intensity of investee companies”). This information is aligned with Commission Delegated Regulation (EU) 2020/1818 (Climate eenchmark Regulation), Article 8 (1). 11 90-95% of GHG emission reduction with the possibility for justified sectoral variations in line with a recognised sectoral decarbonisation pathway) are intended to be neutralised by, for example, GHG removals in its own operations and upstream and donwstream value chain. 61. In the case where the undertaking may have made public claims of GHG neutrality that involve the use of carbon credits , it shall explain: (a) whether and how these claims are accompanied by GHG emission reduction targets as required by Disclosure requirement ESRS E1-4; (b) whether and how these claims and the reliance on carbon credits neither impede nor reduce the achievement of its GHG emission reduction targets 12 , or, if applicable, its net zero target; and (c) the credibility and integrity of the carbon credits used, including by reference to recognised quality standards. Disclosure Requirement E1-8 – Internal carbon pricing 62. The undertaking shall disclose whether it applies internal carbon pricing schemes , and if so, how they support its decision making and incentivise the implementation of climate-related policies and targets . 63. The information required in paragraph 62 shall include: (a) the type of internal carbon pricing scheme, for example, the shadow prices applied for CapEX or research and development (R&D) investment decision making, internal carbon fees or internal carbon funds; (b) the specific scope of application of the carbon pricing schemes (activities, geographies, entities, etc.); (c) the carbon prices applied according to the type of scheme and critical assumptions made to determine the prices, including the source of the applied carbon prices and why these are deemed relevant for their chosen application. The undertaking may disclose the calculation methodology of the carbon prices including the extent to which these have been set using scientific guidance and how their future development is related to science-based carbon pricing trajectories; and (d) the current year approximate gross GHG emission volumes by Scopes 1, 2 and, where applicable, Scope 3 in metric tonnes of CO 2 eq covered by these schemes, as well as their share of the undertaking’s overall GHG emissions for each respective Scope. Disclosure Requirement E1-9 – Anticipated financial effects from material physical and transition risks and potential climate-related opportunities 64. The undertaking shall disclose its: (a) anticipated financial effects from material physical risks ; anticipated financial effects from material transition risks ; and (c) potential to benefit from material climate-related opportunities . 65. The information required by paragraph 64 is in addition to the information on current financial effects required under ESRS 2 SeM-3 para 48 (d). The objective of this Disclosure Requirement related to: (a) anticipated financial effects due to material physical risk s and transition risks is to provide an understanding of how these risks have (or could reasonably be expected to have) a material influence on the undertaking’s financial position, financial performance and cash flows, over the short-, medium- and long- term.  The results of scenario analysis used to conduct resilience analysis as required 12 This information is aligned with Regulation (EU) 2021/1119 of the European Parliament and of the Council (EU Climate Law), Article 2 (1). 12 under paragraphs AR 10 to AR 13 should inform the assessment of anticipated financial effects from material physical and transition risks. (b) potential to pursue material climate-related opportunities is to enable an understanding of how the undertaking may financially benefit from material climate- related opportunities. This disclosure is complementary to the key performance indicators to be disclosed in accordance with Commission Delegated Regulation (EU) 2021/2178. 66. The disclosure of anticipated financial effects from material physical risks required by paragraph 64 (a) shall include 13 : (a) the monetary amount and proportion (percentage) of assets at material physical risk over the short-, medium- and long-term before considering climate change adaptation actions ; with the monetary amounts of these assets disaggregated by acute and chronic physical risk 49 ; (b) the proportion of assets at material physical risk addressed by the climate change adaptation actions ; (c) the location of significant assets at material physical risk 14 ; and (d) the monetary amount and proportion (percentage) of net revenue from its business activities at material physical risk over the short-, medium- and long-term. 67. The disclosure of anticipated financial effects from material transition risks required by paragraph 64 (b) shall include: (a) the monetary amount and proportion (percentage) of assets at material transition risk over the short-, medium- and long-term before considering climate mitigation actions ; (b) the proportion of assets at material transition risk addressed by the climate change mitigation actions ; (c) a breakdown of the carrying value of the undertaking’s  real estate assets by energyefficiency classes 15 ; (d) liabilities that may have to be recognised in financial statements over the short-, medium- and long- term; and (e) the monetary amount and proportion (percentage) of net revenue from its business activities at material transition risk over the short-, medium- and long-term including, where relevant, the net revenue from the undertaking’s customers operating in coal, oil and gas-related activities. 68. The undertaking shall disclose reconciliations to the relevant line items or notes in the financial statements of the following: (a) significant amounts of the assets and net revenue at material physical risk (as required by paragraph 66); (b) significant amounts of the assets, liabilities, and net revenue at material transition risk (as required by paragraph 67). 69. For the disclosure of the potential to pursue climate-related opportunities required by paragraph 64 (c) the undertaking shall consider 16 : 13 This information is aligned with Commission Delegated Regulation (EU) 2020/1818 (Climate eenchmark Regulation). 49 This disclosure requirement is consistent with the requirements included in Commission Implementing Regulation (EU) 2022/2453 - Template 5: eanking book - Climate change physical risk: Exposures subject to physical risk. 14 This disclosure requirement is consistent with the requirements included in Commission Implementing Regulation (EU) 2022/2453 - Template 5: eanking book - Climate change physical risk: Exposures subject to physical risk. 15 This disclosure requirement is consistent with the requirements included in Commission Implementing Regulation (EU) 2022/2453- Template 2: eanking book - Climate change transition risk: Loans collateralised by immovable property - Energy efficiency of the collateral. 16 This information is aligned with Commission Delegated Regulation (EU) 2020/1818 (Climate eenchmark Regulation). 13 (a) its expected cost savings from climate change mitigation and adaptation actions ; and (b) the potential market size or expected changes to net revenue from low-carbon products and services or adaptation solutions to which the undertaking has or may have access. 70. A quantification of the financial effects that arise from opportunities is not required if such a disclosure does not meet the qualitative characteristics of useful information included under ESRS 1 Appendix e Qualitative characteristics of information . This Appendix is an integral part of the ESRS E1. It supports the application of the disclosure requirements set out in this standard and has the same authority as the other parts of the Standard.",ESRS_20E1_20Delegated-act-2023-5303-annex-1_en.pdf,7,14,Disclosure Requirement E1-4 – Targets related to climate change mitigation and adaptation
Disclosure_Disclosure_Requirement_E1_1_Transition_plan_for_climate_change_mitigation,Disclosure Requirement E1-1 – Transition plan for climate change mitigation,Disclosure,Disclosure Requirement E1-1 – Transition plan for climate change mitigation,"Disclosure Requirement E1-1 – Transition plan for climate change mitigation AR 1.  A transition plan relates to the undertaking’s efforts in climate change mitigation . When disclosing its transition plan, the undertaking is expected to provide a high-level explanation of how it will adjust its strategy and business model to ensure compatibility with the transition to a sustainable economy and with the limiting of global warming to 1.5°C in line with the Paris Agreement (or an updated inter   national agreement on climate change) and the objective of achieving climate neutrality by 2050 with no or limited overshoot as established in Regulation (EU) 2021/1119 (European Climate Law), and where applicable, how it will adjust its exposure to coal, and oil and gas-related activities. AR 2.  Sectoral pathways have not yet been defined by the public policies for all sectors. Hence, the disclosure under paragraph 16 (a) on the compatibility of the transition plan with the objective of limiting global warming to 1.5°C should be understood as the disclosure of the undertaking’s GHG emissions reduction target . The disclosure under paragraph 16 (a) shall be benchmarked in relation to a pathway to 1.5°C. This benchmark should be based on either a sectoral decarbonisation pathway if available for the undertaking’s sector or an economy-wide scenario bearing in mind its limitations (i.e., it is a simple translation of emission reduction objectives from the state to undertaking level). This AR should be read also in conjunction with AR 26 and AR 27 and the sectoral decarbonisation pathways they refer to. AR 3.  When disclosing the information required under paragraph 16(d) the undertaking may consider: (a) the cumulative locked-in GHG emissions associated with key assets from the reporting year until 2030 and 2050 in tCO 2 eq. This will be assessed as the sum of the estimated Scopes 1 and 2 GHG emissions over the operating lifetime of the active and firmly planned key assets. Key assets are those owned or controlled by the undertaking, and they consist of existing or planned assets (such as stationary or mobile installations, facilities, and equipment) that are sources of either significant direct or energy-indirect GHG emissions. Firmly planned key assets are those that the undertaking will most likely deploy within the next 5 years. (b) the cumulative locked-in GHG emissions associated with the direct use-phase GHG emissions of sold products in tCO2eq, assessed as the sales volume of products in the reporting year multiplied by the sum of estimated direct use-phase GHG emissions over their expected lifetime. This requirement only applies if the undertaking has identified the Scope 3 category “use of sold products” as significant under Disclosure Requirement E1-6 paragraph 51; and (c) an explanation of the plans to manage, i.e., to transform, decommission or phase out its GHG-intensive and energy-intensive assets and products. 14 AR 4.  When disclosing the information required under paragraph 16 (e), the undertaking shall explain how the alignment of its economic activities with the provisions of Commission Delegated Regulation (EU) 2021/2139 is expected to evolve over time to support its transition to a sustainable economy. In doing so, the undertaking shall take account of the key performance indicators required to be disclosed under Article 8 of Regulation (EU) 2020/852 (in particular taxonomy-aligned revenue and CapEx and, if applicable, CapEx plans). AR 5.  When disclosing the information required under paragraph 16 (f), the undertaking shall state whether or not it is excluded from the EU Paris-aligned eenchmarks in accordance with the exclusion criteria stated in Articles 12.1 (d) to (g) 53 and 12.2 of Commission Delegated Regulation (EU) 2020/1818 (Climate eenchmark Standards Regulation) 54 .",ESRS_20E1_20Delegated-act-2023-5303-annex-1_en.pdf,14,15,Disclosure Requirement E1-1 – Transition plan for climate change mitigation
Disclosure_Disclosure_Requirement_related_to_ESRS_2_SBM_3_Material_impacts_risks_and_opportunities_and_their,"Disclosure Requirement related to ESRS 2 SBM-3 - Material impacts, risks and opportunities and their interaction with st",Disclosure,"Disclosure Requirement related to ESRS 2 SBM-3 - Material impacts, risks and opportunities and their","Disclosure Requirement related to ESRS 2 SBM-3 - Material impacts, risks and opportunities and their interaction with strategy and business model AR 6. When disclosing the information on the scope of the resilience analysis as required under paragraph 19 (a), the undertaking shall explain which part of its own operations and upstream and downstream value chain as well as which material physical risks and transition risks may have been excluded from the analysis. AR 7. When disclosing the information on how the resilience analysis has been conducted as required under paragraph 19 (b), the undertaking shall explain: (a) the critical assumptions about how the transition to a lower-carbon and resilient economy will affect its surrounding macroeconomic trends, energy consumption and mix, and technology deployment assumptions; (b) the time horizons applied and their alignment with the climate and business 53 Article 12.1 of the Climate eenchmark Standards Regulation states that “ Administrators of EU Paris-aligned Benchmarks shall exclude the following companies: a) companies that derive 1% or more of their revenues from exploration, mining, extraction, distribution or refining of hard coal and lignite; or b) companies that derive 10% or more of their revenues from exploration, extraction, distribution or refining of oil fuels; or c) companies that derive 50% or more of their revenues from exploration, extraction, manufacturing or distribution of gaseous fuels; or d) companies that derive 50% or more of their revenues from electricity generation with a GHG intensity of more than 100 g CO2 e/KWh. ” Article 12.2 states that “ Administrators of EU Paris-aligned Benchmarks shall exclude from those benchmarks any companies that are found or estimated by them or by external data providers to significantly harm one or more of the environmental objectives referred to in Article 9 of Regulation (EU) 2020/852 of the European Parliament and of the Council, in accordance with the rules on estimations laid down in Article 13(2) of this Regulation .”. 54 This disclosure requirement is consistent with the requirements in Commission Implementing Regulation (EU) 2022/2453 - template 1 climate change transition risk. scenarios considered for determining material physical and transition risks (paragraphs AR 11to AR 12) and setting GHG emissions reduction targets (reported under Disclosure Requirement E1-4); and (c) how the estimated anticipated financial effects from material physical and transition risks (as required by Disclosure Requirement E1-9) as well as the mitigation actions and resources (disclosed under Disclosure Requirement E1-3) were considered. AR 8. When disclosing the information on the results of the resilience analysis as required under paragraph 19 (c), the undertaking shall explain: (a) the areas of uncertainties of the resilience analysis and to what extent the assets and business activities at risk are considered within the definition of the undertaking’s strategy, investment decisions, and current and planned mitigation actions ; (b) the ability of the undertaking to adjust or adapt its strategy and business model to climate change over the short-, medium- and long-term, including securing ongoing access to finance 15 at an affordable cost of capital, the ability to redeploy, upgrade or decommission existing assets, shifting its products and services portfolio, or reskilling its workforce.",ESRS_20E1_20Delegated-act-2023-5303-annex-1_en.pdf,15,16,"Disclosure Requirement related to ESRS 2 SBM-3 - Material impacts, risks and opportunities and their interaction with st"
Disclosure_Disclosure_Requirement_related_to_ESRS_2_IRO_1_Description_of_the_processes_to_identify_and_assess_m,Disclosure Requirement related to ESRS 2 IRO-1 Description of the processes to identify and assess material climate-rela,Disclosure,Disclosure Requirement related to ESRS 2 IRO-1 Description of the processes to identify and assess m,"Disclosure Requirement related to ESRS 2 IRO-1 Description of the processes to identify and assess material climate-related impacts, risks and opportunities AR 9. When disclosing the information on the processes to identify and assess climate impacts as required under paragraph 20 (a), the undertaking shall explain how it has: (a) screened its activities and plans in order to identify actual and potential future GHG emission sources and, if applicable, drivers for other climate-related impacts (e.g., emissions of black carbon or tropospheric ozone or land-use change ) in own operations and along the value chain; and (b) assessed its actual and potential impacts on climate change (i.e., its total GHG emissions). AR 10. The undertaking may link the information disclosed under paragraphs 20 (a) and AR 9 to the information disclosed under the following Disclosure Requirements: Disclosure Requirement E1-1, paragraph 16 (d) on locked-in GHG emissions; Disclosure Requirement E1-4 and Disclosure Requirement E1-6. AR 11. When disclosing the information on the processes to identify and assess physical risks as required under paragraph 20 (b), the undertaking shall explain whether and how: (a) it has identified climate-related hazards (see table below) over the short-, medium- and long-term and screened whether its assets and business activities may be exposed to these hazards; (b) it has defined short-, medium- and long-term time horizons and how these definitions are linked to the expected lifetime of its assets, strategic planning horizons and capital allocation plans; (c) it has assessed the extent to which its assets and business activities may be exposed and are sensitive to the identified climate-related hazards, taking into consideration the likelihood, magnitude and duration of the hazards as well as the geospatial coordinates (such as Nomenclature of Territorial Units of Statistics- NUTS for the EU territory) specific to the undertaking’s locations and supply chains ; and (d) the identification of climate-related hazards and the assessment of exposure and sensitivity are informed by high emissions climate scenarios , which may, for example, be based on IPCC SSP5-8.5, relevant regional climate projections based on these emission scenarios, or NGFS (Network for Greening the Financial System) climate scenarios with high physical risk such as “Hot house world” or “Too little, too late”. For general requirements regarding climate-related scenario analysis see paragraphs 18, 19, AR 13 to AR 15. 16 AR 12. When disclosing the information on the processes to identify transition risks and opportunities as required under paragraph 20 (c), the undertaking shall explain whether and how it has: (a) identified transition events (see the table with examples below) over the short-, medium- and long-term and screened whether its assets and business activities may be exposed to these events. In case of transition risks and opportunities, what is considered long-term may cover more than 10 years and may be aligned with climate-related public policy goals; (b) assessed the extent to which its assets and business activities may be exposed and are sensitive to the identified transition events, taking into consideration the likelihood, magnitude and duration of the transition events; (c) informed the identification of transition events and the assessment of exposure by climate-related scenario analysis, considering at least a scenario consistent with the Paris Agreement and limiting climate change to 1.5°C, for example, based on scenarios of the International Energy Agency (Net zero Emissions by 2050, Sustainable Development Scenario, etc), or NGFS (Network for Greening the Financial System) climate scenarios. For the general requirements related to climate-related scenario analysis see paragraphs 18, 19, AR 13 to AR 15; and (d) identified assets and business activities that are incompatible with or need significant efforts to be compatible with a transition to a climate-neutral economy (for example, due to significant locked-in GHG emissions or incompatibility with the requirements for Taxonomy-alignment under Commission Delegated Regulation (EU) 2021/2139). 17 Climate-related scenario analysis AR 13. When disclosing the information required under paragraphs 19, 20, 21, AR 10 and AR 11, the undertaking shall explain how it has used climate-related scenario analysis that is commensurate to its circumstances to inform the identification and assessment of physical and transition risks and opportunities over the short-, medium- and long-term, including: (a) which scenarios were used, their sources and alignment with state-of-the-art science; (b) narratives, time horizons, and endpoints used with a discussion of why it believes the range of scenarios used covers its plausible risks and uncertainties; (c) the key forces and drivers taken into consideration in each scenario and why these are relevant to the undertaking, for example, policy assumptions, macroeconomic trends, energy usage and mix, and technology assumptions; and (d) key inputs and constraints of the scenarios, including their level of detail (e.g., whether the analysis of physical climate-related risks is based on geospatial coordinates specific to the undertaking’s locations or national- or regional-level broad data). AR 14. When conducting scenario analysis , the undertaking may consider the following guidance: TCFD Technical Supplement on “The Use of Scenario Analysis in Disclosure of Climate- Related Risks and Opportunities” (2017); TCFD “Guidance on Scenario Analysis for NonFinancial Companies” (2020); ISO 14091:2021 “Adaptation to climate change — Guidelines on vulnerability, impacts and risk assessment”; any other recognised industry standards such as NGFS (Network for Greening the Financial System); and EU, national, regional and local regulations. AR 15. The undertaking shall briefly explain how the climate scenarios used are compatible with the critical climate-related assumptions made in the financial statements. Disclosure Requirement E1-2 – Policies related to climate change mitigation and adaptation AR 16. Policies related to either climate change mitigation or climate adaptation may be disclosed separately as their objectives, people involved, actions and resources needed to implement them are different. 18 AR 17. Policies related to climate change mitigation address the management of the undertaking’s GHG emissions , GHG removals and transition risks over different time horizons, in its own operations and/or in the upstream and downstream value chain . The requirement under paragraph 14 may relate to stand-alone climate change mitigation policies as well as relevant policies on other matters that indirectly support climate change mitigation including training policies, procurement or supply chain policies, investment policies or product development policies. AR 18. Policies related to climate change adaptation address the management of the undertaking’s physical climate risks and of its transition risks related to climate change adaptation. The requirement under paragraphs 22 and 25 may relate to stand-alone climate change adaptation policies as well as relevant policies on other matters that indirectly support climate change adaptation including training policies, and emergency or health and safety policies. AR 19. When disclosing the information on actions as required under paragraphs 29 (a) and 29 (b), the undertaking may: (a) disclose its key actions taken and/or plans to implement climate change mitigation and adaptation policies in its single or separate actions; (b) aggregate types of mitigation actions (decarbonisation levers) such as energy efficiency, electrification, fuel switching, use of renewable energy , products change, and supply-chain decarbonisation that fit the undertakings' specific actions; (c) disclose the list of key mitigation actions alongside the measurable targets (as required by Disclosure Requirement E1-4) with disaggregation by decarbonisation levers; and (d) disclose the climate change adaptation actions by type of adaptation solution such as nature-based adaptation, engineering, or technological solutions. AR 20. When disclosing the information on resources as required under paragraph 29 (c), the undertaking shall only disclose the significant OpEx and CapEx amounts required for the implementation of the actions as the purpose of this information is to demonstrate the credibility of its actions rather than to reconcile the disclosed amounts to the financial statements. The disclosed CapEx and OpEx amounts shall be the additions made to both tangible and intangible assets during the current financial year as well as the planned additions for future periods of implementing the actions. The disclosed amounts shall only be the incremental financial investments directly contributing to the achievement of the undertaking’s targets. AR 21. In line with the requirements of ESRS 2 MDR-A, the undertaking shall explain if and to what extent its ability to implement the actions depends on the availability and allocation of resources. Ongoing access to finance at an affordable cost of capital can be critical for the implementation of the undertaking’s actions, which include its adjustments to supply/demand changes or its related acquisitions and significant research and development (R&D) investments. AR 22. The amounts of OpEx and CapEx required for the implementation of the actions disclosed under paragraph 29 (c) shall be consistent with the key performance indicators (CapEx and OpEx key performance indicators) and, if applicable, the CapEx plan required by Commission Delegated Regulation (EU) 2021/2178. The undertaking shall explain any potential differences between the significant OpEx and CapEx amounts disclosed under this Standard and the key performance indicators disclosed under Commission Delegated Regulation (EU) 2021/2178 due to, for instance, the disclosure of non-eligible economic activities as defined in that delegated regulation. The undertaking may structure its actions by economic activity to compare its OpEx and CapEx, and if applicable its OpEx and/or 19 CapEx plans to its Taxonomy-aligned key performance indicators. Metrics and targets",ESRS_20E1_20Delegated-act-2023-5303-annex-1_en.pdf,16,20,Disclosure Requirement related to ESRS 2 IRO-1 Description of the processes to identify and assess material climate-rela
Disclosure_Disclosure_Requirement_E1_4_Targets_related_to_climate_change_mitigation_and_adaptation,Disclosure Requirement E1-4 – Targets related to climate change mitigation and adaptation,Disclosure,Disclosure Requirement E1-4 – Targets related to climate change mitigation and adaptation,"Disclosure Requirement E1-4 – Targets related to climate change mitigation and adaptation AR 23. Under paragraph 34 (a), the undertaking may disclose GHG emission reduction targets in intensity value. Intensity targets are formulated as ratios of GHG emissions relative to a unit of physical activity or economic output. Relevant units of activity or output   are referred to in ESRS sector-specific standards. In cases where the undertaking has only set a GHG intensity reduction target, it shall nevertheless disclose the associated absolute values for the target year and interim target year(s). This may result in a situation where an undertaking is required to disclose an increase of absolute GHG emissions for the target year and interim target year(s), for example because it anticipates organic growth of its business. AR 24. When disclosing the information required under paragraph 34 (b), the undertaking shall specify the share of the target related to each respective GHG emission Scope (1, 2 or 3) . The undertaking shall state the method used to calculate Scope 2 GHG emissions included in the target (i.e., either the location-based or market-based method). If the boundary of the GHG emission reduction target diverges from that of the GHG emissions reported under Disclosure Requirement E1-6, the undertaking shall disclose which gases are covered, the respective percentage of Scope 1, 2, 3 and total GHG emissions covered by the target. For the GHG emission reduction targets of its subsidiaries, the undertaking shall analogously apply these requirements at the level of the subsidiary. AR 25. When disclosing the information required under paragraph 34(c) on base year and baseline value: (a) the undertaking shall briefly explain how it has ensured that the baseline value against which the progress towards the target is measured is representative in terms of the activities covered and the influences from external factors (e.g., temperature anomalies in a certain year influencing the amount of energy consumption and related GHG emissions). This can be done by the normalisation of the baseline value, or, by using a baseline value that is derived from a 3-year average if this increases the representativeness and allows a more faithful representation; (b) the baseline value and base year shall not be changed unless significant changes in either the target or reporting boundary occur. In such a case, the undertaking shall explain how the new baseline value affects the new target, its achievement and presentation of progress over time. To foster comparability, when setting new targets , the undertaking shall select a recent base year that does not precede the first reporting year of the new target period by longer than 3 years. For example, for 2030 as the target year and a target period between 2025 and 2030, the base year shall be selected from the period between 2022 and 2025; (c) the undertaking shall update its base year from 2030 and after every 5-year period thereafter. This means that before 2030, the base years chosen by undertakings’ may be either the currently applied base year for existing targets or the first year of application of the sustainability reporting requirements as set out in Article 5(2) of Directive (EU) 2022/2464 (2024, 2025 or 2026) and, after 2030, every 5 years (2030, 2035, etc); and (d) when presenting climate-related targets, the undertaking may disclose the progress in meeting these targets made before its current base year. In doing so, the undertaking shall, to the greatest extent possible, ensure that the information on past progress is consistent with the requirements of this Standard. In the case of methodological 20 differences, for example, regarding target boundaries, the undertaking shall provide a brief explanation for these differences. AR 26. When disclosing the information required under paragraphs 34 (d) and 34 (e), the undertaking shall present the information over the target period with reference to a sector- specific, if available, or a cross-sector emission pathway compatible with limiting global warming to 1.5°C. For this purpose, the undertaking shall calculate a 1.5°C aligned reference target value for Scope 1 and 2 (and, if applicable, a separate one for Scope 3) against which its own GHG emission reduction targets or interim targets in the respective Scopes can be compared. AR 27. The reference target value may be calculated by multiplying the GHG emissions in the base year with either a sector-specific (sectoral decarbonisation methodology) or cross-sector (contraction methodology) emission reduction factor. These emission reduction factors can be derived from different sources. The undertaking should ensure that the source used is based on an emission reduction pathway compatible with limiting global warming to 1.5°C. AR 28. The emission reduction factors are subject to further development. Consequently, undertakings are encouraged to only use updated publicly available information. Source: based on Pathways to Net-zero –SBTi Technical Summary (Version 1.0, October 2021) AR 29. The reference target value is dependent on the base year and baseline emissions of the undertaking’s GHG emission reduction target. As a result, the reference target value for undertakings with a recent base year or from higher baseline emissions may be less challenging to achieve than it will be for undertakings that have already taken ambitious past actions to reduce GHG emissions. Therefore, undertakings that have in the past achieved GHG emissions reductions compatible with either a 1.5°C-aligned cross-sector or sector specific pathway, may adjust their baseline emissions accordingly to determine the reference target value. Accordingly, if the undertaking is adjusting the baseline emissions to determine the reference target value, it shall not consider GHG emission reductions that precede the year 2020 and it shall provide appropriate evidence of its past achieved GHG emission reduction. AR 30. When disclosing the information required under paragraph 34 (f), the undertaking shall explain: (a) by reference to its climate change mitigation actions , the decarbonisation levers and their estimated quantitative contributions to the achievement of its GHG emission reduction targets broken down by each Scope (1, 2 and 3); (b) whether it plans to adopt new technologies and the role of these to achieve its GHG emission reduction targets; and (c) whether and how it has considered a diverse range of climate scenarios , at least including a climate scenario compatible with limiting global warming to 1.5°C, to detect relevant environmental-, societal-, technology-, market- and policy -related developments and determine its decarbonisation levers. AR 31. The undertaking may present its GHG emission reduction targets together with its climate change mitigation actions (see paragraph AR 19) as a table or graphical pathway showing developments over time. The following figure and table provide examples combining targets and decarbonisation levers: 21 22",ESRS_20E1_20Delegated-act-2023-5303-annex-1_en.pdf,20,22,Disclosure Requirement E1-4 – Targets related to climate change mitigation and adaptation
Disclosure_Disclosure_Requirement_E1_5_Energy_consumption_and_mix,Disclosure Requirement E1-5 – Energy consumption and mix,Disclosure,Disclosure Requirement E1-5 – Energy consumption and mix,"Disclosure Requirement E1-5 – Energy consumption and mix Calculation guidance AR 32. When preparing the information on energy consumption required under paragraph 35, the undertaking shall: (a) only report energy consumed from processes owned or controlled by the undertaking applying the same perimeter applied for reporting GHG Scopes 1 and 2 emissions; (b) exclude feedstocks and fuels that are not combusted for energy purposes. The undertaking that consumes fuel as feedstocks can disclose information on this consumption separately from the required disclosures; (c) ensure all quantitative energy-related information is reported in either Mega-Watt- hours (MWh) in Lower Heating Value or net calorific value. If raw data of energy- related information is only available in energy units other than MWh (such as GigaJoules (GJ) or eritish Thermal Units (etu)), in volume units (such as cubic feet or gallons) or in mass units (such as kilograms or pounds), they shall be converted to MWh using suitable conversion factors (see for example Annex II of the Fifth Assessment IPCC report). Conversion factors for fuels shall be made transparent and applied in a consistent manner; (d) ensure all quantitative energy-related information is reported as final energy consumption, referring to the amount of energy the undertaking actually consumes using for example the table in Annex IV of Directive 2012/27 of the European Parliament and of the Council 17 on energy efficiency; (e) avoid double counting fuel consumption when disclosing self-generated energy consumption. If the undertaking generates electricity from either a non-renewable or renewable fuel source and then consumes the generated electricity, the energy consumption shall be counted only once under fuel consumption; (f) not offset energy consumption even if on site generated energy is sold to and used by a third party; (g) not count energy that is sourced from within the organisational boundary under “purchased or acquired” energy; (h) account for steam, heat or cooling received as “waste energy” from a third party’s industrial processes under “purchased or acquired” energy; (i) account for renewable hydrogen 56 as a renewable fuel. Hydrogen that is not completely derived from renewable sources shall be included under “fuel consumption from other non-renewable sources”; and (j) adopt a conservative approach when splitting the electricity, steam, heat or cooling between renewable and non-renewable sources based on the approach applied to calculate market-based Scope 2 GHG emissions. The undertaking shall only consider these energy consumptions as deriving from renewable sources if the origin of the purchased energy is clearly defined in the contractual arrangements with its suppliers (renewable power purchasing agreement, standardised green electricity tariff, market 17 Directive 2012/27/EU of the European Parliament and of the Council of 25 October 2012 on energy efficiency, amending Directives 2009/125/EC and 2010/30/EU and repealing Directives 2004/8/EC and 2006/32/EC (OJ L 315, 14.11.2012, p. 1). 56 Compliant with the requirements in delegated acts for hydrogen from renewable sources: Commission delegated regulation of 10 February 2023 supplementing Directive (EU) 2018/2001 of the European Parliament and of the Council by establishing a Union methodology setting out detailed rules for the production of renewable liquid and gaseous transport fuels of nonbiological origin; and Commission delegated regulation of 10 February 2023 supplementing Directive (EU) 2018/2001 of the European Parliament and of the Council by establishing a minimum threshold for greenhouse gas emissions savings of recycled carbon fuels and by specifying a methodology for assessing greenhouse gas emissions savings from renewable liquid and gaseous transport fuels of non-biological origin and from recycled carbon fuel. 23 instruments like Guarantee of Origin from renewable sources in Europe 18 or similar instruments like Renewable Energy Certificates in the US and Canada, etc.). AR 33. The information required under paragraph 37 (a) is applicable if the undertaking is operating in at least one high climate impact sector . The information required under paragraph 38 (a) to (e). shall also include energy from fossil sources consumed in operations that are not in high climate impact sectors. AR 34. The information on Energy consumption and mix may be presented using the following tabular format for high climate impact sectors and for all other sector by omitting rows (1) 18 eased on Directive (EU) 2018/2001 of the European Parliament and of the Council of 11 December 2018 on the promotion of the use of energy from renewable sources. 24 AR 35. The total energy consumption with a distinction between fossil, nuclear and renewable energy consumption may be presented graphically in the sustainability statement showing developments over time (e.g., through a pie or bar chart). Energy intensity based on net revenue Calculation guidance AR 36. When preparing the information on energy intensity required under paragraph 40, the undertaking shall: (a) calculate the energy intensity ratio using the following formula: 𝑇𝑜𝑡𝑎𝑙 𝑒𝑛𝑒𝑟𝑔𝑦 𝑐𝑜𝑛𝑠𝑢𝑚𝑝𝑡𝑖𝑜𝑛 𝑓𝑟𝑜𝑚 𝑎𝑐𝑡𝑖𝑣𝑖𝑡𝑖𝑒𝑠 𝑖𝑛 ℎ𝑖𝑔ℎ 𝑐𝑙𝑖𝑚𝑎𝑡𝑒 𝑖𝑚𝑝𝑎𝑐𝑡 𝑠𝑒𝑐𝑡𝑜𝑟𝑠 (𝑀𝑊ℎ) ___________________________________________________________________________________________________ ; 𝑁𝑒𝑡 𝑟𝑒𝑣𝑒𝑛𝑢𝑒 𝑓𝑟𝑜𝑚 𝑎𝑐𝑡𝑖𝑣𝑖𝑡𝑖𝑒𝑠 𝑖𝑛 ℎ𝑖𝑔ℎ 𝑐𝑙𝑖𝑚𝑎𝑡𝑒 𝑖𝑚𝑝𝑎𝑐𝑡 𝑠𝑒𝑐𝑡𝑜𝑟𝑠 (𝑀𝑜𝑛𝑒𝑡𝑎𝑟𝑦 𝑢𝑛𝑖𝑡) (b) express the total energy consumption in MWh and the net revenue in monetary units (e.g., Euros); (c) the numerator and denominator shall only consist of the proportion of the total final energy consumption (in the numerator) and net revenue (in the denominator) that are attributable to activities in high climate impact sectors . In effect, there should be consistency in the scope of both the numerator and denominator; (d) calculate the total energy consumption in line with the requirement in paragraph 37; (e) calculate the net revenue in line with the accounting standards requirements applicable for the financial statements, i.e., IFRS 15 Revenue from Contracts with Customers or local GAAP requirements. AR 37. The quantitative information may be presented in the following table. Connectivity of energy intensity based on net revenue with financial reporting information AR 38. The reconciliation of net revenue from activities in high climate impact sectors to the relevant financial statements line item or disclosure (as required by paragraph 43) may be presented either: (a) by a cross-reference to the related line item or disclosure in the financial statements; or (b) If the net revenue cannot be directly cross-referenced to a line item or disclosure in the financial statements, by a quantitative reconciliation using the below tabular format. Net revenue from activities in high climate impact sectors used to calculate energy intensity Net revenue (other) Total net revenue (Financial statements) 25 Calculation guidance AR 39. When preparing the information for reporting GHG emissions as required by paragraph 44, the undertaking shall: (a) consider the principles, requirements and guidance provided by the GHG Protocol Corporate Standard (version 2004). The undertaking may consider Commission Recommendation (EU) 2021/2279 58 or the requirements stipulated by EN ISO 14064- 1:2018. If the undertaking already applies the GHG accounting methodology of ISO 58 Commission Recommendation (EU) 2021/2279 of 15 December 2021 on the use of the Environmental Footprint methods to measure and communicate the life cycle environmental performance of products and organisations (OJ L 471, 30.12.2021, p. 1). 14064- 1: 2018, it shall nevertheless comply with the requirements of this standard (e.g., regarding reporting boundaries and the disclosure of market-based Scope 2 GHG emissions); (b) disclose the methodologies, significant assumptions and emissions factors used to calculate or measure GHG emissions accompanied by the reasons why they were chosen, and provide a reference or link to any calculation tools used; (c) include emissions of CO 2 , CH 4 , N 2 O, HFCs, PFCs, SF 6 , and NF 3 . Additional GHG may be considered when significant; and (d) use the most recent Global Warming Potential (GWP) values published by the IPCC based on a 100-year time horizon to calculate CO2eq emissions of non-CO2 gases. AR 40. When preparing the information for reporting GHG emissions from its associates, joint ventures, unconsolidated subsidiaries (investment entities) and contractual arrangements as required by paragraph 50, the undertaking shall consolidate 100% of the GHG emissions of the entities it operationally controls. In practice, this happens when the undertakings holds the license - or permit - to operate the assets from these associates, joint ventures, unconsolidated subsidiaries (investment entities) and contractual arrangements. When the undertaking has a contractually defined part-time operational control, it shall consolidate 100% the GHG emitted during the time of its operational control. AR 41. In line with ESRS 1 chapter 3.7, the undertaking shall disaggregate information on its GHG emissions as appropriate. For example, the undertaking may disaggregate its Scope 1, 2, 3, or total GHG emissions by country, operating segments, economic activity, subsidiary, GHG category (CO2, CH4, N2O, HFCs, PFCs, SF6, NF3, and other GHG considered by the undertaking) or source type (stationary combustion, mobile combustion, process emissions and fugitive emissions). AR 42. An undertaking might have a different reporting period from some or all of the entities in its value chain. In such circumstances, the undertaking is permitted to measure its GHG emissions in accordance with paragraph 44 using information for reporting periods that are different from its own reporting period if that information is obtained from entities in its value chain with reporting periods that are different from the undertaking’s reporting period, on the condition that: (a) the undertaking uses the most recent data available from those entities in its value chain to measure and disclose its greenhouse gas emissions; (b) the length of the reporting periods is the same; and (c) the undertaking discloses the effects of significant events and changes in circumstances (relevant to its GHG emissions) that occur between the reporting dates of the entities in its value chain and the date of the undertaking’s general purpose financial statements. AR 43. When preparing the information on gross Scope 1 GHG emissions required under paragraph 48 (a), the undertaking shall: 26 (a) calculate or measure GHG emissions from stationary combustion, mobile combustion, process emissions and fugitive emissions; and use suitable activity data that include the non-renewable fuel consumption; (b) use suitable and consistent emission factors; (c) disclose biogenic emissions of CO 2 from the combustion or bio-degradation of biomass separately from the Scope 1 GHG emissions, but include emissions of other types of GHG (in particular CH 4 and N 2 O); (d) not include any removals, or any purchased, sold or transferred carbon credits or GHG allowances in the calculation of Scope 1 GHG emissions; and (e) for activities reporting under the EU ETS, report on Scope 1 emissions following the EU ETS methodology. The EU ETS methodology may also be applied to activities in geographies and sectors that are not covered by the EU ETS. AR 44. When preparing the information on the percentage of Scope 1 GHG emissions from regulated emission trading schemes required under paragraph 48 (b), the undertaking shall: (a) consider GHG emissions from the installations it operates that are subject to regulated Emission Trading Schemes (ETS), including the EU-ETS, national ETS and non-EU ETS, if applicable; (b) only include emissions of CO 2 , CH 4 , N 2 O, HFCs, PFCs, SF 6 , and NF 3 ; (c) ensure the same accounting period for gross Scope 1 GHG emissions and GHG emissions regulated under the ETS; and (d) calculate the share by using the following formula: GHG Emissions in (t CO 2 eq) from EU ETS installations + national ETS installations + nonEU ETS installations Scope 1 GHG emissions (t CO2eq) AR 45. When preparing the information on gross Scope 2 GHG emissions required under paragraph 49, the undertaking shall: (a) consider the principles and requirements of the GHG Protocol Scope 2 Guidance (version 2015, in particular the Scope 2 quality criteria in chapter 7.1 relating to contractual instruments); it may also consider Commission Recommendation (EU) 2021/2279 or the relevant requirements for the quantification of indirect GHG emissions from imported energy in EN ISO 14064-1:2018; (b) include purchased or acquired electricity, steam, heat, and cooling consumed by the undertaking; (c) avoid double counting of GHG emissions reported under Scope 1 or 3; (d) apply the location-based and market-based methods to calculate Scope 2 GHG emissions and provide information on the share and types of contractual instruments. Location- based method quantifies Scope 2 GHG emissions based on average energy generation emission factors for defined locations, including local, subnational, or national boundaries (GHG Protocol, “Scope 2 Guidance”, Glossary, 2015). Market-based method quantifies Scope 2 GHG emissions based on GHG emissions emitted by the generators from which the reporting entity contractually purchases electricity bundled with instruments, or unbundled instruments on their own (GHG Protocol, “Scope 2 Guidance”, Glossary, 2015); in this case, the undertaking may disclose the share of market-based scope 2 GHG emissions linked to purchased electricity bundled with instruments such as Guarantee of Origins or Renewable Energy Certificates. The undertaking shall provide information about the share and types of contractual instruments used for the sale and purchase of energy bundled with attributes about the energy generation or for unbundled energy attribute claims. (e) disclose biogenic emissions of CO2 carbon from the combustion or biodegradation of biomass separately from the Scope 2 GHG emissions but include emissions of other types of GHG (in particular CH4 and N2O). In case the emission factors applied do not separate 27 the percentage of biomass or biogenic CO2, the undertaking shall disclose this. In case GHG emissions other than CO2 (particularly CH4 and N2O) are not available for, or excluded from, location-based grid average emissions factors or with the market-based method information, the undertaking shall disclose this. (f) not include any removals, or any purchased, sold or transferred carbon credits or GHG allowances in the calculation of Scope 2 GHG emissions. AR 46. When preparing the information on gross Scope 3 GHG emissions required under paragraph 51, the undertaking shall: (a) consider the principles and provisions of the GHG Protocol Corporate Value Chain (Scope 3) Accounting and Reporting Standard (Version 2011); and it may consider Commission Recommendation (EU) 2021/2279 or the relevant requirements for the quantification of indirect GHG emissions from EN ISO 14064-1:2018 ; (b) if it is a financial institution, consider the GHG Accounting and Reporting Standard for the Financial Industry from the Partnership for Carbon Accounting Financial (PCAF), specifically part A “Financed Emissions” (version December 2022); (c) screen its total Scope 3 GHG emissions based on the 15 Scope 3 categories identified by the GHG Protocol Corporate Standard and GHG Protocol Corporate Value Chain (Scope 3) Accounting and Reporting Standard (Version 2011) using appropriate estimates. Alternatively, it may screen its indirect GHG emissions based on the categories provided by EN ISO 14064-1:2018 clause 5.2.4 (excluding indirect GHG emissions from imported energy); (d) identify and disclose its significant Scope 3 categories based on the magnitude of their estimated GHG emissions and other criteria provided by GHG Protocol Corporate Value Chain (Scope 3) Accounting and Reporting Standard (Version 2011, p. 61 and 65-68) or EN ISO 14064-1:2018 Annex H.3.2, such as financial spend, influence, related transition risks and opportunities or stakeholder views; (e) calculate or estimate GHG emissions in significant Scope 3 categories using suitable emissions factors; (f) update Scope 3 GHG emissions in each significant category every year on the basis of current activity data; update the full Scope 3 GHG inventory at least every 3 years or on the occurrence of a significant event or a significant change in circumstances (a significant event or significant change in circumstances can, for example, relate to changes in the undertaking’s activities or structure, changes in the activities or structure of its upstream and downstream value chain(s), a change in calculation methodology or in the discovery of errors);”); (g) disclose the extent to which the undertaking’s Scope 3 GHG emissions are measured using inputs from specific activities within the entity’s upstream and downstream value chain, and disclose the percentage of emissions calculated using primary data obtained from suppliers or other value chain partners. (h) for each significant Scope 3 GHG category, disclose the reporting boundaries considered, the calculation methods for estimating the GHG emissions as well as if and which calculation tools were applied. The Scope 3 categories should be consistent with the GHGP and include: i. indirect Scope 3 GHG emissions from the consolidated accounting group (the parent and its subsidiaries), ii. indirect Scope 3 GHG emissions from associates, joint ventures, and unconsolidated subsidiaries for which the undertaking has the ability to control the operational activities and relationships (i.e., operational control), iii. Scope 1, 2 and 3 GHG emissions from associates, joint ventures, unconsolidated subsidiaries (investment entities) and joint arrangements for which the undertaking 28 does not have operational control and when these entities are part of the undertaking’s upstream and dopwnstream value chain. (i) disclose a list of Scope 3 GHG emissions categories included in and excluded from the inventory with a justification for excluded Scope 3 categories; (j) disclose biogenic emissions of CO 2 from the combustion or biodegradation of biomass that occur in its upstream and downstream value chain separately from the gross Scope 3 GHG emissions, and include emissions of other types of GHG (such as CH 4 and N2O), and emissions of CO2 that occur in the life cycle of biomass other than from combustion or biodegradation (such as GHG emissions from processing or transporting biomass) in the calculation of Scope 3 GHG emissions; (k) not include any removals, or any purchased, sold or transferred carbon credits or GHG allowances in the calculation of Scope 3 GHG emissions; AR 47. When preparing the information on the total GHG emissions required under paragraph 52, the undertaking shall: (a) apply the following formulas to calculate the total GHG emissions: Total GHG emissions 𝑙𝑜𝑐𝑎𝑡𝑖𝑜𝑛−𝑏𝑎𝑠𝑒𝑑 (t CO 2 eq) = Gross Scope 1 + Gross Scope 2 𝑙𝑜𝑐𝑎𝑡𝑖𝑜𝑛−𝑏𝑎𝑠𝑒𝑑 + Gross Scope 3 Total GHG emissions 𝑚𝑎𝑟𝑘𝑒𝑡−𝑏𝑎𝑠𝑒𝑑 (t CO 2 eq) = Gross Scope 1 + Gross Scope 2 𝑚𝑎𝑟𝑘𝑒𝑡−𝑏𝑎𝑠𝑒𝑑 + Gross Scope 3 (b) disclose total GHG emissions with a distinction between emissions derived from the location-based and market-based methods applied while measuring the underlying Scope 2 GHG emissions. AR 48. The undertaking shall disclose its total GHG emissions disaggregated by Scopes 1 and 2 and significant Scope 3 in accordance with the table below. 29 30 AR 49. To highlight potential transition risks , the undertaking may disclose its total GHG emissions disaggregated by major countries and, if applicable, by operating segments (applying the same segments for the financial statements as required by the accounting standards, i.e., IFRS 8 Operating Segments or local GAAP). Scope 3 GHG emissions may be excluded from these breakdowns by country if the related data is not readily available. AR 50. The Scope 3 GHG emissions may also be presented by according to the indirect emission categories defined in EN ISO 14064-1:2018. AR 51. If it is material for the undertaking's Scope 3 emissions, it shall disclose the GHG emissions from purchased cloud computing and data centre services as a subset of the overarching Scope 3 category “upstream purchased goods and services”. AR 52. The total GHG emissions disaggregated by Scope 1, 2 and 3 GHG emissions may be graphically presented in the sustainability statement (e.g., as a bar or pie chart) showing the split of GHG emissions across the value chain (Upstream, Own operations, Transport, Downstream). GHG intensity based on net revenue Calculation guidance AR 53. When disclosing the information on GHG intensity based on net revenue required under paragraph 53, the undertaking shall: (a) calculate the GHG intensity ratio by the following formula: 𝑇𝑜𝑡𝑎𝑙 𝐺𝐻𝐺 𝑒𝑚𝑖𝑠𝑠𝑖𝑜𝑛𝑠 ( 𝑡 𝐶𝑂 2 𝑒𝑞 ); 𝑁𝑒𝑡 𝑟𝑒𝑣𝑒𝑛𝑢𝑒 ( 𝑀𝑜𝑛𝑒𝑡𝑎𝑟𝑦 𝑢𝑛𝑖𝑡 ) (b) express the total GHG emissions in metric tonnes of CO2eq and the net revenue in monetary units (e.g., Euros) and present the results for the market-based and location- based method; (c) include the total GHG emissions in the numerator and overall net revenue in the denominator; (d) calculate the total GHG emissions as required by paragraphs 44 (d) and 52; and (e) calculate the net revenue in line with the requirements in accounting standards applied for financial statements, i.e., IFRS 15 or local GAAP. AR 54. The quantitative information may be presented in the following tabular format. Connectivity of GHG intensity based on revenue with financial reporting information AR 55. The reconciliation of the net revenue used to calculate GHG intensity to the relevant line item or notes in the financial statements (as required by paragraph 55) may be done by either: (a) a cross-reference to the related line item or disclosure in the financial statements; or (b) if the net revenue cannot be directly cross-referenced to a line item or disclosure in the financial statements, by a quantitative reconciliation using the below tabular format. 31",ESRS_20E1_20Delegated-act-2023-5303-annex-1_en.pdf,23,32,Disclosure Requirement E1-5 – Energy consumption and mix
Disclosure_Disclosure_Requirement_E1_7_GHG_removals_and_GHG_mitigation_projects_financed_through_carbon_credi,Disclosure Requirement E1-7 – GHG removals and GHG mitigation projects financed through carbon credits GHG removals and ,Disclosure,Disclosure Requirement E1-7 – GHG removals and GHG mitigation projects financed through carbon credi,"Disclosure Requirement E1-7 – GHG removals and GHG mitigation projects financed through carbon credits GHG removals and storage in own operations and the upstream and downstream value chain AR 56. In addition to their GHG emission inventories, undertakings shall provide transparency on how and to what extent they either enhance natural sinks or apply technical solutions to remove GHGs from the atmosphere in their own operations and upstream and downstream value chain. While there are no generally accepted concepts and methodologies for accounting for GHG removals, this Standard aims to increase transparency on the undertaking’s efforts to remove GHGs from the atmosphere (paragraphs 56 (a) and 58). The GHG removals outside the value chain that the undertaking supports through the purchase of carbon credits are to be disclosed separately as required by paragraphs 56 (b) and 59. AR 57. When disclosing the information on GHG removals and storage from the undertaking’s own operations and its upstream and downstream value chain required under paragraphs 56 (a) and 58, for each removal and storage activity, the undertaking shall describe: (a) the GHGs concerned; (b) whether removal and storage are biogenic or from land-use change (e.g., afforestation, reforestation, forest restoration, urban tree planting, agroforestry, building soil carbon, etc.), technological (e.g., direct air capture), or hybrid (e.g., bioenergy with CO 2 capture and storage), and technological details about the removal, the type of storage and, if applicable, the transport of removed GHGs; (c) if applicable, a brief explanation of whether the activity qualifies as a nature-based solution; and (d) how the risk of non-permanence is managed, including determining and monitoring leakage and reversal events, as appropriate. Calculation guidance AR 58. When preparing the information on GHG removals and storage from the undertaking’s own operations and its upstream and downstream value chain required under paragraphs 56 (a) and 58, the undertaking shall: (a) consider, as far as applicable, the GHG Protocol Corporate Standard (version 2004), Product Standard (version 2011), Agriculture Guidance (version 2014), Land use, land- use change , and forestry Guidance for GHG project accounting (version 2006); (b) apply consensus methods on accounting for GHG removals as soon as they are available, notably the EU regulatory framework for the certification of CO2 removals; (c) if applicable, explain the role of removals for its climate change mitigation policy ; (d) include removals from operations that it owns, controls , or contributes to and that have not been sold to another party through carbon credits; (e) if applicable, mark those GHG removal activities in own operations or the value chain that have been converted into carbon credits and sold on to other parties on the voluntary market; 32 (f) account for the GHG emissions associated with a removal activity, including transport and storage, under Disclosure Requirement E1-6 (Scopes 1, 2 or 3). To increase transparency on the efficiency of a removal activity, including transport and storage, the undertaking may disclose the GHG emissions associated with this activity (e.g., GHG emissions from electricity consumption of direct air capture technologies) alongside, but separately from, the amount of removed GHG emissions; (g) in case of a reversal, account for the respective GHG emissions as an offset for the removals in the reporting period; (h) use the most recent GWP values published by the IPCC based on a 100-year time horizon to calculate CO 2 eq emissions of non-CO 2 gases and describe the assumptions made, methodologies and frameworks applied for calculation of the amount of GHG removals; and (i) consider nature-based solutions. AR 59. The undertaking shall disaggregate and separately disclose the GHG removals that occur in its own operations and those that occur in its upstream and downstream value chain. GHG removal activities in the upstream and downstream value chain shall include those that the undertaking is actively supporting, for example, through a cooperation project with a supplier . The undertaking is not expected to include any GHG removals that may occur in its upstream and downstream value chain that it is not aware of. AR 60. The quantitative information on GHG removals may be presented by using the following tabular format. … Total GHG removals in the upstream and downstream value chain (tCO 2 eq) 33 AR 61. Financing GHG emission reduction projects outside the undertaking’s value chain through purchasing carbon credits that fulfil high-quality standards can be a useful contribution towards mitigating climate change. This Standard requires the undertaking to disclose whether it uses carbon credits separately from the GHG emissions (paragraphs 56 (b) and 59) and GHG emission reduction targets (Disclosure Requirement E1-4). It also requires the undertaking to show the extent of use and which quality criteria it uses for those carbon credits. AR 62. When disclosing the information on carbon credits required under paragraphs 56 (b)  and 59, the undertaking shall disclose the following disaggregation as applicable: (a) the share (percentage of volume) of reduction projects and removal projects; (b) f or carbon credits from removal projects, an explanation whether they are from biogenic or technological sinks; (c) the share (percentage of volume) for each recognised quality standard; (d) the share (percentage of volume) issued from projects in the EU; and (e) the share (percentage of volume) that qualifies as a corresponding adjustment under Article. 6 of the Paris Agreement. Calculation guidance AR 63. When preparing the information on carbon credits required under paragraphs 56 (b) and 59, the undertaking shall: (a) Consider recognised quality standards; . (b) if applicable, explain the role of carbon credits in its climate change mitigation policy ; (c) not include carbon credits issued from GHG emission reduction projects within its value chain as the respective GHG emission reductions shall already be disclosed under Disclosure Requirement E1-6 (Scope 2 or Scope 3) at the time they occur (i.e., double counting is avoided); (d) not include carbon credits from GHG removal projects within its value chain as the respective GHG removals may already be accounted for under Disclosure Requirement E1-7 at the time they occur (i.e., double counting is avoided); (e) not disclose carbon credits as an offset for its GHG emissions under Disclosure Requirement E1-6 on GHG emissions; (f) not disclose carbon credits as a means to reach the GHG emission reduction targets disclosed under Disclosure Requirement E1-4; and (g) calculate the amount of carbon credits to be cancelled in the future, as the sum of carbon credits in metric tonnes of CO 2 eq over the duration of existing contractual agreements. AR 64. The information on carbon credits cancelled in the reporting year and planned to be cancelled in the future may be presented using the following tabular formats. 34",ESRS_20E1_20Delegated-act-2023-5303-annex-1_en.pdf,32,35,Disclosure Requirement E1-7 – GHG removals and GHG mitigation projects financed through carbon credits GHG removals and 
Disclosure_Disclosure_Requirement_E1_8_Internal_carbon_pricing,Disclosure Requirement E1-8 – Internal carbon pricing,Disclosure,Disclosure Requirement E1-8 – Internal carbon pricing,"Disclosure Requirement E1-8 – Internal carbon pricing AR 65. When disclosing the information required under paragraphs 62 and 63, if applicable, the undertaking shall briefly explain whether and how the carbon prices used in internal carbon pricing schemes are consistent with those used in financial statements. This shall be done in respect of the internal carbon prices used for, (a) the assessment of the useful life and residual value of its assets (intangibles, property, plant and equipment); (b) the impairment of assets; and (c) the fair value measurement of assets acquired through business acquisitions. AR 66. The information may be presented by using the following table: Volume at stake (tCO 2 eq) CapEx shadow price 35 Internal carbon fee or fund Carbon prices for impairment testing Etc.",ESRS_20E1_20Delegated-act-2023-5303-annex-1_en.pdf,35,36,Disclosure Requirement E1-8 – Internal carbon pricing
Disclosure_Disclosure_Requirement_E1_9_Anticipated_financial_effects_from_material_physical_and_transition_ri,Disclosure Requirement E1-9 – Anticipated financial effects from material physical and transition risks and potential cl,Disclosure,Disclosure Requirement E1-9 – Anticipated financial effects from material physical and transition ri,"Disclosure Requirement E1-9 – Anticipated financial effects from material physical and transition risks and potential climate-related opportunities Anticipated financial effects from material physical and transition risks AR 67. Material climate-related physical risks and transition risks may affect the undertaking’s financial position (e.g., owned assets, financially-controlled leased assets, and liabilities), performance (e.g., potential future increase/decrease in net revenue and costs due to business interruptions, increased supply prices resulting in potential margin erosions), and cash flows. The low probability, high severity and long-term time horizons of some climate- related physical risk exposures and the uncertainty arising from the transition to a sustainable economy mean that there will be associated material anticipated financial effects that are outside the scope of the requirements of applicable accounting standards. AR 68. Currently, there is no commonly accepted methodology to assess or measure how material physical risks and transition risks may affect the undertaking’s future financial position, financial, performance and cash flows. Therefore, the disclosure of the financial effects (as required by paragraphs 64, 66 and 67) will depend on the undertaking’s internal methodology and the exercise of significant judgement in determining the inputs, and assumptions needed to quantify their anticipated financial effects. Calculation guidance - Anticipated financial effects from material physical risks AR 69. When disclosing the information required under paragraphs 64 (a) and 66, the undertaking shall explain whether and how: (a) it assessed the anticipated financial effects for assets and business activities at material physical risk, including the scope of application, time horizons, calculation methodology, critical assumptions and parameters and limitations of the assessment; and (b) the assessment of assets and business activities considered to be at material physical risk relies on or is part of the process to determine material physical risk as required under paragraphs 20 (b) and AR 11 and to determine climate scenarios as required under paragraphs 19 and AR 13 to AR 14. In particular, it shall explain how it has defined medium- and long-term time horizons and how these definitions are linked to the expected lifetime of the undertaking’s assets, strategic planning horizons and capital allocation plans. AR 70. When preparing the information on assets at material physical risk that is required to be disclosed under paragraph 66 (a), the undertaking shall: (a) Calculate the assets at material physical risk in terms of monetary amount and as a proportion (percentage) of total assets at the reporting date (i.e., the proportion is an estimate of the carrying value of assets at material physical risk divided by total carrying value as stated in the statement of financial position or balance sheet). The estimate of 36 assets at material physical risk shall be derived starting from the assets recognised in the financial statements. The estimate of monetary amounts and proportion of assets at physical risk may be presented as either a single amount or range. (b) All types of assets including finance-lease / right-of-use assets shall be considered when determining the assets at material physical risk. (c) To contextualise this information, the undertaking shall: i. disclose the location of its significant assets at material physical risk. Significant assets located 19 in the EU territory shall be aggregated by NUTS codes 3 level digits (Nomenclature of Territorial Units for Statistics). For significant assets located outside EU territory, the breakdown by NUTS code will only be provided where applicable. ii. disaggregate the monetary amounts of assets at risk by acute and chronic physical risk 20 . (d) calculate the share of assets at material physical risk resulting from paragraph 66 (a) that is addressed by the climate change adaptation actions based on the information disclosed under Disclosure Requirement E1-3. This aims at approximating net risks. AR 71. When preparing the information required under paragraph 64 (a) and 66 (d), the undertaking may assess and disclose the share of net revenue from business activities at physical risk. This disclosure (a) shall be based on the net revenue in line with the requirements in accounting standards applied for financial statements, i.e., IFRS 15 or local GAAP. (b) may include a breakdown of the undertaking’s business activities with the corresponding details of the associated percentage of total net revenue, the risk factors (hazards, exposure and sensitivity) and, if possible, the magnitude of the anticipated financial effects in terms of margin erosion over the short-, medium- and long-term time horizons. The nature of business activities may also be disaggregated by operating segments if the undertaking has disclosed the contribution of margins by operational segments in its segment reporting in the financial statements. Calculation guidance - Anticipated financial effects from transition risk AR 72. When disclosing the information required under paragraphs 64 (b) and 67 (a), the undertaking shall explain whether and how: (a) it has assessed the potential effects on future financial performance and position for assets and business activities at material transition risk, including the scope of application, calculation methodology, critical assumptions and parameters, and limitations of the assessment; and (b) the assessment of assets and business activities considered to be at material transition risk relies on or is part of the process to determine material transition risks as described under paragraphs 20 (c) and AR 11 and to determine scenarios as required under paragraphs AR 12 to AR 13. In particular, it shall explain how it has defined medium- and long-term time horizons and how these definitions are linked to the expected lifetime of the undertaking’s assets, strategic planning horizons and capital allocation plans. AR 73. When disclosing the information on assets at material transition risk as required under paragraphs 67 (a) and (b): (a) the undertaking shall at the very least include an estimate of the amount of potentially stranded assets (in monetary amounts and as a proportion/percentage) from the reporting year until 2030 and from 2030 to 2050. Stranded assets are understood as the active or firmly planned key assets of the undertaking with significant locked-in GHG 19 This disclosure requirement is consistent with the requirements of Commission Implementing Regulation (EU) 2022/2453 - Template 5 exposures subjects to physical risk . 20 This disclosure requirement is consistent with the requirements of Commission Implementing Regulation (EU) 2022/2453 - Template 5 exposures subjects to physical risk . 37 emissions over their operating lifetime. Firmly planned key assets are those that the undertaking will most likely deploy within the next 5 years. The amount may be expressed as a range of asset values based on different climate and policy scenarios, including a scenario aligned with limiting climate change to 1.5°C. (b) the undertaking shall disclose a breakdown of the carrying value of its real estate assets, including rights-of-use assets, by energy efficiency classes. The energy efficiency shall be represented in terms of either the ranges of energy consumption in kWh/m² or the EPC 21 (Energy Performance Certificate) 22 label class. If the undertaking cannot obtain this information on a best-effort basis, it shall disclose the total carrying amount of the real estate assets for which the energy consumption is based on internal estimates. (c) the undertaking shall calculate the proportion (percentage) of total assets (including finance lease/right-of-use assets) at material transition risk addressed by the climate change mitigation actions based on the information disclosed under Disclosure Requirement E1-3. The total assets amount is the carrying amount on the balance sheet at the reporting date. AR 74. When disclosing the information on potential liabilities from material transition risks required under paragraph 67(d): (a) undertakings that operate installations regulated under an emission trading scheme may include a range of potential future liabilities originating from these schemes; (b) undertakings subject to the EU ETS, may disclose the potential future liabilities that relate to their allocation plans for the period before and until 2030. The potential liability may be estimated on the basis of: i. the number of allowances held by the undertaking at the beginning of the reporting period; ii. the number of allowances to be purchased in the market yearly, i.e., before and until 2030; iii. the gap between estimated future emissions under various transition scenarios and free allocations of allowances that are known for the period until 2030, and iv. the estimated yearly cost per tonne of CO2 for which an allowance needs to be purchased; (c) In assessing its potential future liabilities, the undertaking may consider and disclose the number of Scope 1 GHG emission allowances within regulated emission trading schemes and the cumulative number of emission allowances stored (from previous allowances) at the beginning of the reporting period ; (d) undertakings disclosing volumes of carbon credits planned to be cancelled in the near future (Disclosure Requirement E1-7) may disclose the potential future liabilities associated with those based on existing contractual agreements; (e) the undertaking may also include its monetised gross Scope 1, 2 and total GHG emissions (in monetary units) calculated as follows: i. monetised Scope 1 and 2 GHG emissions in the reporting year by the following formula: (a) (𝑔𝑟𝑜𝑠𝑠 𝑆𝑐𝑜𝑝𝑒 1 𝐺𝐻𝐺 𝑒𝑚𝑖𝑠𝑠𝑖𝑜𝑛𝑠 (𝑡 𝐶𝑂 2 𝑒𝑞) + 𝑔𝑟𝑜𝑠𝑠 𝑆𝑐𝑜𝑝𝑒 2 𝐺𝐻𝐺 𝑒𝑚𝑖𝑠𝑠𝑖𝑜𝑛 (𝑡 𝐶𝑂 2 𝑒𝑞)) × 𝐺𝐻𝐺 𝑒𝑚𝑖𝑠𝑠𝑖𝑜𝑛 𝑐𝑜𝑠𝑡 𝑟𝑎𝑡𝑒( € 𝑡 𝐶𝑂 2 𝑒𝑞 ) 21 Directive 2010/31/EU of the European Parliament and of the Council of 19 May 2010 on the energy performance of buildings (OJ L 153, 18.6.2010, p. 13). 22 This disclosure requirement is consistent with the requirements of Commission Implementing Regulation (EU) 2022/2453 - Template 2 immovable property, energy efficiency of the collateral. 38 ii. monetised total GHG emissions in the reporting year by the following formula: € (b) 𝑇𝑜𝑡𝑎𝑙 𝐺𝐻𝐺 𝑒𝑚𝑖𝑠𝑠𝑖𝑜𝑛𝑠 (𝑡 𝐶𝑂 2 𝑒𝑞) ×  𝐺𝐻𝐺 𝑒𝑚𝑖𝑠𝑠𝑖𝑜𝑛 𝑐𝑜𝑠𝑡 𝑟𝑎𝑡𝑒 ( 𝑡 𝐶𝑂 2 𝑒𝑞 ) iii. by use of a lower, middle and upper cost rate 23 for GHG emissions (e.g., market carbon price and different estimates for the societal costs of carbon) and reasons for selecting them. AR 75. Other approaches and methodologies may be applied to assess how transition risks may affect the future financial position of the undertaking. In any case, the disclosure of anticipated financial effects shall include a description of the methodologies and definitions used by the undertaking. AR 76. When preparing the information required under paragraph 67 (e), the undertaking may assess and disclose the share of net revenue from business activities at transition risks . This disclosure: (a) shall be based on the net revenue in line with the requirements in accounting standards applied for financial statements, i.e., IFRS 15 or local GAAP. (b) may include a breakdown of the undertaking’s business activities with the corresponding details of the associated percentage of current net revenue, risk factors (events and exposure), and when possible, the anticipated financial effects related to margin erosion over the short-, medium- and long-term. The nature of business activities may also be disaggregated by operating segments if the undertaking has disclosed the contribution of margins by operational segments in its segment reporting in the financial statements . Connectivity with financial reporting information AR 77. The reconciliation of the significant amount of assets, liabilities, and net revenue (vulnerable to either material physical risks or transition risks ) to the relevant line item or disclosure (e.g., in segment reporting) in the financial statements (as required by paragraph 68) may be presented by the undertaking as follows: (a) as a cross-reference to the related line item or disclosure in the financial statements if these amounts are identifiable in the financial statements; or (b) If these cannot be directly cross-referenced, as a quantitative reconciliation of each to the relevant line item or disclosure in the financial statement using the below tabular format: AR 78. The undertaking shall ensure the consistency of data and assumptions to assess and report the anticipated financial effects from material physical risks and transition risks in the sustainability statement with the corresponding data and assumptions used for the financial statements (e.g., carbon prices used for assessing impairment of assets, the useful life of assets, estimates and provisions). The undertaking shall explain the reasons for any 23 The cost rate is the factor used to convert non-monetary impacts like tonnes, hectares, m3 etc. into monetary units. Cost rates should be based on monetary valuation studies, need to be science-based and the methods used to obtain them transparent. Guidance on these methods can be obtained, e.g., from the EU-LIFE-funded TRANSPARENT project. 39 inconsistencies (e.g., if the full financial implications of climate-related risks are still under assessment or are not deemed material in the financial statements). AR 79. For potential future effects on liabilities (as required by paragraph 67 (d)), if applicable, the undertaking shall cross-reference the description of the emission trading schemes in the financial statements. AR 80. When disclosing the information under paragraph 69 (a), the undertaking shall explain the nature of the cost savings (e.g., from reduced energy consumption), the time horizons and the methodology used, including the scope of the assessment, critical assumptions, and limitations, and whether and how scenario analysis was applied. AR 81. When disclosing the information required under paragraph 69 (b), the undertaking shall explain how it has assessed the market size or any expected changes to net revenue from low-carbon products and services or adaptation solutions including the scope of the assessment, the time horizon, critical assumptions, and limitations and to what extent this market is accessible to the undertaking. The information on the market size may be put in perspective to the current taxonomy-aligned revenue disclosed under the provisions of Regulation (EU) 2020/852. The entity may also explain how it will pursue its climate-related opportunities and, where possible, this should be linked to the disclosures on policies, targets and actions under Disclosure Requirements E1-2, E1-3 and E1-4. 40",ESRS_20E1_20Delegated-act-2023-5303-annex-1_en.pdf,36,40,Disclosure Requirement E1-9 – Anticipated financial effects from material physical and transition risks and potential cl
Framework_ESRS_20E5_20Delegated_act_2023_5303_annex_1_en_pdf,ESRS_20E5_20Delegated-act-2023-5303-annex-1_en,Framework,ESRS,,ESRS_20E5_20Delegated-act-2023-5303-annex-1_en.pdf,,,
Topic_ESRS_E5,ESRS E5 Standard,Topic,ESRS E5,,ESRS_20E5_20Delegated-act-2023-5303-annex-1_en.pdf,1,12,ESRS E5 Standard
Topic_ESRS_E5,ESRS E5 RESOUCE USE AND CIRCULAR ECONOMY Table of contents,Topic,ESRS E5,,ESRS_20E5_20Delegated-act-2023-5303-annex-1_en.pdf,1,3,ESRS E5 RESOUCE USE AND CIRCULAR ECONOMY Table of contents
Disclosure_IRO_1_Description_of_the_processes_to_identify_and_assess_material_resource_use_and_circular_econo,"IRO-1 – Description of the processes to identify and assess material resource use and circular economy-related impacts, ",Disclosure,IRO-1 – Description of the processes to identify and assess material resource use and circular econo,"IRO-1 – Description of the processes to identify and assess material resource use and circular economy-related impacts, risks and opportunities o Disclosure Requirement E5-1 – Policies related to resource use and circular Resource outflows o Disclosure Requirement E5-6 – Anticipated financial effects from resource use and",ESRS_20E5_20Delegated-act-2023-5303-annex-1_en.pdf,1,1,"IRO-1 – Description of the processes to identify and assess material resource use and circular economy-related impacts, "
Disclosure_IRO_1_Description_of_the_processes_to_identify_and_assess_material_resource_use_and_circular_econo,"IRO-1 – Description of the processes to identify and assess material resource use and circular economy-related impacts, ",Disclosure,IRO-1 – Description of the processes to identify and assess material resource use and circular econo,"IRO-1 – Description of the processes to identify and assess material resource use and circular economy-related impacts, risks and opportunities o Disclosure Requirement E5-1 – Policies related to resource use and circular circular economy o Disclosure Requirement E5-4 - Resource inflows o Disclosure Requirement E5-5 - circular economy-related risks and opportunities",ESRS_20E5_20Delegated-act-2023-5303-annex-1_en.pdf,1,3,"IRO-1 – Description of the processes to identify and assess material resource use and circular economy-related impacts, "
Requirement_5151990777804405535,Objective,Requirement,Objective,"1. The objective of this Standard is to specify Disclosure Requirements which will enable users of the sustainability statement to understand: (a) how the undertaking affects resource use, including resource efficiency, avoiding the depletion of resources and the sustainable sourcing and use of renewable resources (referred to in this Standard as “resource use and circular economy”) in terms of material positive and negative actual or potential impacts ; (b) any actions taken, and the result of such actions, to prevent or mitigate actual or potential negative impacts arising from resource use, including its measures to help decoupling its economic growth from the use of materials, and to address risks and opportunities; 1 (c) the plans and capacity of the undertaking to adapt its strategy and business model in line with circular economy principles including but not limited to minimising waste , maintaining the value of products, materials and other resources at their highest value and enhancing their efficient use in production and consumption; (d) the nature, type and extent of the undertaking’s material risks and opportunities related to the undertaking’s impacts and dependencies , arising from resource use and circular economy, and how the undertaking manages them; and (e) the financial effects on the undertaking over the short-, medium- and long-term of material risks and opportunities arising from the undertaking’s impacts and dependencies on resource use and circular economy. 2. This Standard sets out Disclosure Requirements related to “resource use” and “circular economy” and in particular on: (a) resource inflows including the circularity of material resource inflows, considering renewable and non-renewable resources; and (b) resource outflows including information on products and materials; and (c) waste . 3. Circular economy means an economic system in which the value of products, materials and other resources in the economy is maintained for as long as possible, enhancing their efficient use in production and consumption, thereby reducing the environmental impact of their use, minimising waste and the release of hazardous substances at all stages of their life cycle, including through the application of the waste hierarchy . The goal is to maximise and maintain the value of the technical and biological resources, products and materials by creating a system that allows for durability , optimal use or re-use, refurbishment, remanufacturing, recycling and nutrient cycling. 4. This Standard builds on relevant EU legislative frameworks and policies including the EU Circular Economy Action Plan, Directive 2008/98/EC of the European Parliament and of the Council 1 (Waste Framework Directive) and the EU industrial strategy. 5. To evaluate the transition from business as usual, meaning an economy in which finite resources are extracted to make products that are used and then thrown away (“take-makewaste”), to a circular economic system, this Standard relies on the identification of the physical flows of resources, materials and products used and generated by the undertaking through Disclosure Requirement E5-4 Resource inflows and Disclosure Requirement E5-5 Resource outflows .",ESRS_20E5_20Delegated-act-2023-5303-annex-1_en.pdf,1,2,Objective
Requirement_-3598530741048160119,Interactions with other ESRS,Requirement,Interactions with other ESRS,"6. Resource use is a major driver of other environmental impacts such as climate change, pollution , water and marine resources and biodiversity. A circular economy is a system that tends towards sustainable use of resources in extraction, processing, production, consumption and management of waste . Such system brings multiple environmental benefits, in particular, the reduction of material and energy consumption and emissions into the air (greenhouse gas emissions or other pollution), the limitation of water withdrawals and discharges and the regeneration of nature limiting the impact on biodiversity. 7. To provide a comprehensive overview of which other environmental matters could be material to resource use and circular economy, relevant disclosure requirements are covered in other environmental ESRS as follows: (a) ESRS E1 Climate change , which addresses, in particular, GHG emissions and energy resources (energy consumption); (b) ESRS E2 Pollution , which addresses, in particular, emissions to water, air and soil as well as substances of concern ; 1 Directive 2008/98/EC of the European Parliament and of the Council of 19 November 2008 on waste and repealing certain Directives (OJ L 312, 22.11.2008, p. 3). 2 (c) ESRS E3 Water and marine resources , which addresses, in particular, water resource (water consumption) and marine resources; and (d) ESRS E4 Biodiversity and ecosystems , which addresses, in particular,  ecosystems, species and raw materials. 8. The undertaking’s impacts related to resource use and circular economy, in particular impacts related to waste , can affect people and communities. Material negative impacts on affected communities from resource use and circular economy attributable to the undertaking are covered in ESRS S3 Affected communities . The efficient and circular use of resources also benefits competitiveness and economic wellbeing 9. This Standard should be read in conjunction with ESRS 1 General requirements and ESRS 2 General disclosures . Disclosure Requirements",ESRS_20E5_20Delegated-act-2023-5303-annex-1_en.pdf,2,3,Interactions with other ESRS
Topic_ESRS_2,ESRS 2 General disclosures,Topic,ESRS 2,"10. The requirements of this section should be read in conjunction with and reported alongside the disclosures required by ESRS 2 chapter 4 Impact, risk and opportunity management .",ESRS_20E5_20Delegated-act-2023-5303-annex-1_en.pdf,3,8,ESRS 2 General disclosures
Disclosure_Disclosure_Requirement_related_to_ESRS_2_IRO_1_Description_of_the_processes_to_identify_and_assess,Disclosure Requirement related to ESRS 2 IRO-1 – Description of the processes to identify and assess material resource u,Disclosure,Disclosure Requirement related to ESRS 2 IRO-1 – Description of the processes to identify and assess,"Disclosure Requirement related to ESRS 2 IRO-1 – Description of the processes to identify and assess material resource use and circular economy-related impacts, risks and opportunities 11. The undertaking shall describe the process to identify material impacts, risks and opportunities related to resource use and circular economy, in particular regarding resource inflows , resource outflows and waste , and shall provide information on: (a) whether the undertaking has screened its assets and activities in order to identify its actual and potential impacts, risks and opportunities in its own operations and its upstream and downstream value chain, and if so, the methodologies, assumptions and tools used in the screening; (b) whether and how the undertaking has conducted consultations, in particular, with affected communities. Disclosure Requirement E5-1 – Policies related to resource use and circular economy 12. The undertaking shall describe its policies adopted to manage its material impacts, risks and opportunities related to resource use and circular economy. 13. The objective of this Disclosure Requirement is to enable an understanding of the extent to which the undertaking has policies that address the identification, assessment, management and/or remediation of its material impacts, risks and opportunities related to resource use and circular economy . 14. The disclosure required by paragraph 12 shall contain the information on the policies the undertaking has in place to manage its material impacts, risks and opportunities related to resource use and circular economy in accordance with ESRS 2 MDR-P Policies adopted to manage material sustainability matters . 15. In the summary, the undertaking shall indicate whether and how its policies address the following matters where material: 3 (a) transitioning away from use of virgin resources, including relative increases in use of secondary (recycled) resources; (b) sustainable sourcing and use of renewable resources. 16. Policies shall address material impacts, risks and opportunities in its own operations and along its upstream and downstream value chain.",ESRS_20E5_20Delegated-act-2023-5303-annex-1_en.pdf,3,4,Disclosure Requirement related to ESRS 2 IRO-1 – Description of the processes to identify and assess material resource u
Disclosure_Disclosure_Requirement_E5_2_Actions_and_resources_related_to_resource_use_and_circular_economy,Disclosure Requirement E5-2 – Actions and resources related to resource use and circular economy,Disclosure,Disclosure Requirement E5-2 – Actions and resources related to resource use and circular economy,"Disclosure Requirement E5-2 – Actions and resources related to resource use and circular economy 17. The undertaking shall disclose its resource use and circular economy actions and the resources allocated to their implementation. 18. The objective of this Disclosure Requirement is to enable an understanding of the key actions taken and planned to achieve the resource use and circular economy-related policy objectives and targets . 19. The description of the resource use and circular economy-related actions and resources allocated shall follow the principles defined in ESRS 2 MDR-A Actions and resources in relation to material sustainability matters. 20. In addition to ESRS 2 MDR-A, the undertaking may specify whether and how an action and resources cover: (a) higher levels of resource efficiency in use of technical and biological materials and water, particularly in relation to critical raw materials and rare earths as listed in the Raw Materials Information System; (b) higher rates of use of secondary raw materials (recyclates); (c) application of circular design, leading to increased product durability and optimisation of use, and higher rates of: Reuse, Repair, Refurbishing, Remanufacture, Repurposing and Recycling. (d) application of circular business practices such as (i) value retention actions (maintenance, repair, refurbishing, remanufacturing, component harvesting, upgrading and reverse logistics, closed loop systems, second-hand retailing), (ii) value maximisation actions (product-service systems, collaborative and sharing economy business models), (iii) end-of-life actions ( recycling , upcycling, extended producer responsibility), and (iv) systems efficiency actions (industrial symbiosis); (e) actions taken to prevent waste generation in the undertaking’s upstream and downstream value chain; and (f) optimistation of waste management in line with the waste hierarchy .",ESRS_20E5_20Delegated-act-2023-5303-annex-1_en.pdf,4,4,Disclosure Requirement E5-2 – Actions and resources related to resource use and circular economy
Disclosure_Disclosure_Requirement_E5_3_Targets_related_to_resource_use_and_circular_economy,Disclosure Requirement E5-3 – Targets related to resource use and circular economy,Disclosure,Disclosure Requirement E5-3 – Targets related to resource use and circular economy,"Disclosure Requirement E5-3 – Targets related to resource use and circular economy 21. The undertaking shall disclose the resource use and circular economy-related targets it has set. 22. The objective of this Disclosure Requirement is to enable an understanding of the targets the undertaking has adopted to support its resource use and circular economy policy and to address its material impacts, risks and opportunities. 23. The description of the targets shall contain the information requirements defined in ESRS 2 MDR-T Tracking effectiveness of policies and actions through targets . 4 24. The disclosure required by paragraph 21 shall indicate whether and how the undertaking’s targets relate to resource inflows and resource outflows , including waste and products and materials, and, more specifically to: (a) the increase of circular product design (including for instance design for durability , dismantling, reparability, recyclability etc); (b) the increase of circular material use rate ; (c) the minimisation of primary raw material; (d) sustainable sourcing and use (in line with the cascading principle) of renewable resources; (e) the waste management , including preparation for proper treatment; and (f) other matters related to resource use or circular economy. 25. The undertaking shall specify to which layer of the waste hierarchy the target relates. 26. In addition to ESRS 2 MDR-T, the undertaking may specify whether ecological thresholds and entity-specific allocations were taken into consideration when setting targets . If so, the undertaking may specify: (a) the ecological thresholds identified, and the methodology used to identify such thresholds; (b) whether or not the thresholds are entity-specific and if so, how they were determined; and (c) how responsibility for respecting identified ecological thresholds is allocated in the undertaking. 27. The undertaking shall specify as part of the contextual information, whether the targets it has set and presented are mandatory (required by legislation) or voluntary. Disclosure Requirement E5-4 – Resource inflows 28. The undertaking shall disclose information on its resource inflows related to its material impacts, risks and opportunities. 29. The objective of this Disclosure Requirement is to enable an understanding of the resource use in the undertaking’s own operations and its upstream value chain. 30. The disclosure required by paragraph 28 shall include a description of its resource inflows where material: products (including packaging ) and materials (specifying critical raw materials and rare earths), water and property, plant and equipment used in the undertaking’s own operations and along its upstream value chain. 31. When an undertaking assesses that resource inflows is a material sustainability matter, it shall disclose the following information about the materials used to manufacture the undertaking’s products and services during the reporting period, in tonnes or kilogrammes: (a) the overall total weight of products and technical and biological materials used during the reporting period; (b) the percentage of biological materials (and biofuels used for non-energy purposes) used to manufacture the undertaking’s products and services (including packaging ) that is sustainably sourced, with the information on the certification scheme used and on the application of the cascading principle; and (c) the weight in both absolute value and percentage, of secondary reused or recycled components, secondary intermediary products and secondary materials used to manufacture the undertaking’s products and services (including packaging). 5 32. The undertaking shall provide information on the methodologies used to calculate the data. It shall specify whether the data is sourced from direct measurement or estimations, and disclose  the key assumptions used.",ESRS_20E5_20Delegated-act-2023-5303-annex-1_en.pdf,4,6,Disclosure Requirement E5-3 – Targets related to resource use and circular economy
Disclosure_Disclosure_Requirement_E5_5_Resource_outflows,Disclosure Requirement E5-5 – Resource outflows,Disclosure,Disclosure Requirement E5-5 – Resource outflows,"Disclosure Requirement E5-5 – Resource outflows 33. The undertaking shall disclose information on its resource outflows, including waste, related to its material impacts, risks and opportunities. 34. The objective of this Disclosure Requirement is to provide an understanding of: (a) how the undertaking contributes to the circular economy by i) designing products and materials in line with circular economy principles and ii) increasing or maximising the extent to which products, materials and waste processing are recirculated in practice after first use; and (b) the undertaking’s waste reduction and waste management strategy, the extent to which the undertaking knows how its pre-consumer waste is managed in its own activities. Products and materials 35. The undertaking shall provide a description of the key products and materials that come out of the undertaking’s production process and that are designed along circular principles, including durability , reusability, repairability, disassembly, remanufacturing, refurbishment, recycling , recirculation by the biological cycle, or optimisation of the use of the product or material through other circular business models. 36. Undertakings for which outflows are material shall disclose: (a) The expected durability of the products placed on the market by the undertaking, in relation to the industry average for each product group; (b) The reparability products, using an established rating system, where possible; (c) The rates of recyclable content in products and their packaging . Waste 37. The undertaking shall disclose the following information on its total amount of waste from its own operations, in tonnes or kilogrammes: (a) the total amount of waste generated ; (b) the total amount by weight diverted from disposal, with a breakdown between hazardous waste and non-hazardous waste and a breakdown by the following recovery operation types: i. preparation for reuse; ii. recycling ; and iii. other recovery operations. (c) the amount by weight directed to disposal by waste treatment type and the total amount summing all three types, with a breakdown between hazardous waste and non-hazardous waste. The waste treatment types to be disclosed are: i. incineration ; ii. landfill; and iii. other disposal operations; (d) the total amount and percentage of non-recycled waste 2 . 2 This information supports the information needs of financial market participants subject to Regulation (EU) 2019/2088 because it is derived from an additional indicator related to principal adverse impacts as set out by indicator #13 in Table II of 6 38. When disclosing the composition of the waste , the undertaking shall specify: (a) the waste streams relevant to its sector or activities (e.g. tailings for the undertaking in the mining sector, electronic waste for the undertaking in the consumer electronics sector, or food waste for the undertaking in the agriculture or in the hospitality sector); and; (b) the materials that are present in the waste (e.g. biomass, metals, non-metallic minerals, plastics, textiles, critical raw materials and rare earths). 39. The undertaking shall also disclose the total amount of hazardous waste and radioactive waste generated by the undertaking, where radioactive waste is defined in Article 3(7) of Council Directive 2011/70/Euratom 3 . 40. The undertaking shall provide contextual information on the methodologies used to calculate the data and in particular the criteria and assumptions used to determine and classify products designed along circular principles under paragraph 35. It shall specify whether the data is sourced from direct measurement or estimations; and disclose the key assumptions used. Disclosure Requirement E5-6 – Anticipated financial effects from material resource use and circular economy-related risks and opportunities 41. The undertaking shall disclose the anticipated financial effects of material risks and opportunities arising from resource use and circular economy-related impacts. 42. The information required by paragraph 41 is in addition the information on current financial effects on the entity’s financial position, financial performance and cash flows for the reporting period required under ESRS 2 SBM-3 para 48 (d). The objective of this Disclosure Requirement is to provide an understanding of: (a) anticipated financial effects due to material risks arising from material resource use and circular economy -related impacts and dependencies and how these risks have or could reasonably be expected to have) a material influence on the undertaking’s financial position, financial performance performance, and cash flows over the short-, medium- and long-term; and (b) anticipated financial effects due to material opportunities related to resource use and circular economy. 43. The disclosure shall include: (a) a quantification of the anticipated financial effects in monetary terms before considering resource use and circular economy-related actions, or where not possible without undue cost or effort, qualitative information. For financial effects arising from material opportunities, a quantification is not required if it would result in disclosure that does not meet the qualitative characteristics of information (see ESRS 1 Appendix B Qualitative characteristics of information ); (b) a description of the effects considered, the impacts and dependencies to which they relate and the time horizons in which they are likely to materialise; (c) the critical assumptions used to quantify the anticipated financial effects , as well as the sources and level of uncertainty of those assumptions. Annex I of Commission Delegated Regulation (EU) 2022/1288 with regard to disclosure rules on sustainable investments (“Non-recycled waste ratio”). 3 Council Directive 2011/70/Euratom of 19 July 2011 establishing a Community framework for the responsible and safe management of spent fuel and radioactive waste (OJ L 199, 2.8.2011, p. 48). This information supports the information needs of financial market participants subject to Regulation (EU) 2019/2088 because it is derived from a mandatory indicator related to principal adverse impacts as set out by indicator #9 in Table I of Annex I of Commission Delegated Regulation (EU) 2022/1288 with regard to disclosure rules on sustainable investments (“Hazardous waste and radioactive waste ratio”). 7 This appendix is an integral part of the ESRS E5. It supports the application of the disclosure requirements set out in this standard  and has the same authority as the other parts of the standard.",ESRS_20E5_20Delegated-act-2023-5303-annex-1_en.pdf,6,8,Disclosure Requirement E5-5 – Resource outflows
Topic_ESRS_2,"ESRS 2 General disclosures Impact, risk and opportunity management",Topic,ESRS 2,,ESRS_20E5_20Delegated-act-2023-5303-annex-1_en.pdf,8,12,"ESRS 2 General disclosures Impact, risk and opportunity management"
Disclosure_Disclosure_requirement_related_to_ESRS_2_IRO_1_Description_of_the_processes_to_identify_and_assess,Disclosure requirement related to ESRS 2 IRO-1 – Description of the processes to identify and assess material resource u,Disclosure,Disclosure requirement related to ESRS 2 IRO-1 – Description of the processes to identify and assess,"Disclosure requirement related to ESRS 2 IRO-1 – Description of the processes to identify and assess material resource use and circular economy-related impacts, risks and opportunities AR 1.  When conducting a materiality assessment on environmental subtopics, the undertaking shall assess the materiality of resource use and circular economy in its own operations and its upstream and downstream value chain, and may consider the four phases below, also known as the LEAP approach: (a) Phase 1: locate where in the undertaking’s own operations and along its upstream and downstream value chain the interface with nature takes place; (b) Phase 2: evaluate the dependencies and impacts; (c) Phase 3: assess the material risks and opportunities; (d) Phase 4: prepare and report the results of the materiality assessment. AR 2.  With regard to ESRS E5, phases 1 and 2 rely mainly on the materiality assessments conducted under ESRS E1 (including energy consumption), ESRS E2 (pollution), ESRS E3 (marine resources, water consumption) and ESRS E4 (biodiversity, ecosystems, raw materials). Indeed, circular economy eventually aims at reducing the environmental impact of the use of products, materials and other resources, minimizing waste and the release of hazardous substances and hence at reducing impacts on nature. This application requirement focuses mainly on the third phase of this LEAP approach, while the fourth phase addresses the outcome of the process. AR 3.  The process to assess the materiality of impacts , dependencies , risks and opportunities shall consider the provisions in ESRS 2 IRO-1 Description of the processes to identify and assess material impacts, risks and opportunities and IRO-2 Disclosure Requirements in ESRS covered by the undertaking’s sustainability statement . AR 4.  The sub-topics related to resource use and circular economy covered by the materiality assessment include: (a) resource inflows including the circularity of material resource inflows, considering resource use optimisation, intensity of materials and products and renewable and non-renewable resources; (b) resource outflows related to products and services; and (c) waste , including hazardous waste and non-hazardous waste management. AR 5.  In Phase 3, to assess its material risks and opportunities based on the results of Phases 1 and 2, the undertaking may: 8 (a) identify transition risks and opportunities in its own operations and its upstream and downstream value chain , including the risk of staying in a business-as-usual scenario : i. policy and legal, e.g., bans on the extraction and use of non-renewable resources, regulations on waste treatment; ii. technology, e.g., introduction on the market of new technologies to replace existing use of products and materials; iii. market, e.g., shifting supply, demand and financing; iv. reputation, e.g. changing societal, customer or community perceptions. (b) identify physical risks including depletion of stock and use of virgin and non-virgin renewable resources, and of non-renewable resources; (c) identify opportunities categorised by: i. resource efficiency: e.g., transition to more efficient services and processes requiring less resources, eco-design for longevity , repair, reuse, recycle, by- products, take-back systems, decoupling activity from extraction of materials, intensifying circular material use, creation of a system that allows for dematerialization (e.g., digitisation, improving utilisation rates, weight reduction); practices to ensure products and materials are collected, sorted, and reused, repaired, refurbished, remanufactured; ii. markets: e.g., demand for less resource-intense products and services, and new consumption models such as product-as- a-service, pay-per-use, sharing, leasing; iii. financing: e.g., access to green funds, bonds or loans; iv.  resilience: e.g., diversification of resources and business activities (e.g., start a new business unit to recycle new materials), investing in green infrastructures, adopting recycling and circularity mechanisms that reduce the dependencies , capability of the undertaking to safeguard future stocks and flows of resources; and v. reputation. AR 6.  The undertaking may consider the following methodologies to assess its impacts, risks and opportunities in its own operations and along its upstream and downstream value chain : (a) Commission Recommendation 2021/2279 on the use of the Environmental Footprint methods to measure and communicate the life cycle environmental performance of products and organizations (Annex I – Product Environmental Footprint; Annex III – Organisation Environmental Footprint); and (b) Material Flow Analysis (MFA) from the European Environment Agency. AR 7.  When providing information on the outcome of the materiality assessment, the undertaking shall consider: (a) a list of business units associated to resource use and circular economy material impacts, risks and opportunities in the context of the products and services of the undertaking and the waste it generates; (b) a list and prioritisation of the material resources used by the undertaking; (c) the material impacts and risks of staying in business as usual; (d) the material opportunities related to a circular economy; (e) the material impacts and risks of a transition to a circular economy; and (f) the stages of the value chain where resource use, risks and negative impacts are concentrated. 9",ESRS_20E5_20Delegated-act-2023-5303-annex-1_en.pdf,8,9,Disclosure requirement related to ESRS 2 IRO-1 – Description of the processes to identify and assess material resource u
Disclosure_Disclosure_Requirement_E5_1_Policies_related_to_resource_use_and_circular_economy,Disclosure Requirement E5-1 – Policies related to resource use and circular economy,Disclosure,Disclosure Requirement E5-1 – Policies related to resource use and circular economy,"Disclosure Requirement E5-1 – Policies related to resource use and circular economy AR 8. The policies described under this Disclosure Requirement may be integrated in broader environmental or sustainability policies covering different subtopics. AR 9. When providing information on its policies, the undertaking shall consider whether and how its policies address: (a) the waste hierarchy : (a) prevention; (b) preparing for re-use; (c) recycling ; (d) other recovery , e.g., energy recovery; and (e) disposal. In this context, the waste treatment cannot be considered as a recovery; (b) the prioritisation of the avoidance or minimisation waste (Re-use, Repair, Refurbish, Remanufacture and Repurpose) over waste treatment (Recycling). The concepts of eco-design 4 , waste as a resource or post- consumer waste (at the end of a consumer - product lifecycle), should also be taken into consideration. AR 10. When defining its policies, the undertaking may consider the Paper on “Categorisation system for the circular economy”, which describes circular design and production models, circular use models, circular value recovery models and circular support along the principles of the nine circular economy “R” strategies or principles: refuse, rethink, reduce, re-use, repair, refurbish, remanufacture, repurpose and recycle. Disclosure Requirement E5-2 – Actions and resources in relation to resource use and circular economy AR 11. When providing information under paragraph 17 and considering that resources are shared and that circular economy strategies may require collective actions, the undertaking may specify the actions taken to engage with its upstream and downstream value chain and/or its local network on the development of collaborations or initiatives increasing the circularity of products and materials. AR 12. In particular, the undertaking may specify the following: (a) how it contributes to circular economy, including for instance smart waste collection systems; (b) the other stakeholders involved in the collective actions : competitors, suppliers , retailers, customers, other business partners, local communities and authorities, government agencies; (c) a description of the organisation of the collaboration or initiative, including the specific contribution of the undertaking and the roles of the different stakeholders in the project. AR 13. The actions may cover the undertaking’s own operations and/or its upstream and downstream value chain. Metrics and targets",ESRS_20E5_20Delegated-act-2023-5303-annex-1_en.pdf,10,10,Disclosure Requirement E5-1 – Policies related to resource use and circular economy
Disclosure_Disclosure_Requirement_E5_3_Targets_related_to_resource_use_and_circular_economy,Disclosure Requirement E5-3 - Targets related to resource use and circular economy,Disclosure,Disclosure Requirement E5-3 - Targets related to resource use and circular economy,"Disclosure Requirement E5-3 - Targets related to resource use and circular economy 4 As established by Directive 2009/125/EC.Directive 2009/125/EC of the European Parliament and of the Council of 21 October 2009 establishing a framework for the setting of ecodesign requirements for energy-related products (OJ L 285, 31.10.2009, p. 10). 10 AR 14. If the undertaking refers to ecological thresholds to set targets , it may refer to the guidance provided by the Science-Based Targets Initiative for Nature (SBTN) in its interim guidance (Initial Guidance for Business, September 2020) or any other guidance with a scientifically acknowledged methodology that allows to set science-based targets by identifying ecological thresholds and, if applicable, organisation-specific allocations. Ecological thresholds can be local, national and/or global. AR 15. When providing information on targets , the undertaking shall prioritise targets in absolute value. AR 16. When providing information targets according to paragraph 24, the undertaking shall consider the production phase, the use phase, and the end of functional life of products and materials. AR 17. When providing information on targets related to virgin renewable raw material under paragraph 24(c), the undertaking shall consider how those targets may impact biodiversity loss , also in light of ESRS E4. AR 18. The undertaking may disclose other targets under paragraph 24(f) including in relation to sustainable sourcing. If so, the undertaking shall explain the definition of sustainable sourcing it has adopted and how it relates to the objective set out in paragraph 22. AR 19. The targets may cover the undertaking’s own operations and/or its upstream and downstream value chain. AR 20. The undertaking may specify whether the target addresses shortcomings related to the Substantial Contribution criteria for Circular Economy as defined in the delegated acts adopted pursuant to Article 13(2) of Regulation (EU) 2020/852. Where the Do No Significant Harm (DNSH) criteria  for Circular Economy as defined in  delegated acts adopted pursuant to Article 10(3), Article 11(3), Article 12(2), Article 14(2), and Article 15(2) of Regulation (EU) 2020/852 are not met, the undertaking may specify whether the target addresses shortcomings related those DNSH criteria. Disclosure Requirement E5-4 - Resource inflows AR 21. Resource inflows may cover the following categories: IT equipment, textiles, furniture, buildings, heavy machinery, mid-weight machinery, light machinery, heavy transport, midweight transport, light transport and warehousing equipment. With regard to materials, resource inflow indicators include raw materials, associated process materials , and semimanufactured goods or parts. AR 22. When the undertaking is subject to paragraph 31, it may also provide transparency on the materials that are sourced from by-products / waste stream (e.g., offcuts of a material that has not previously been in a product). AR 23. The denominator of the percentage indicator required under paragraphs 31(b) and 31(c) is the overall total weight of materials used during the reporting period. AR 24. The reported usage data are to reflect the material in its original state, and not to be presented with further data manipulation, such as reporting it as “dry weight”. AR 25. In cases where there is an overlap between categories of reused, recycled, the undertaking shall specify how double counting was avoided and the choices that were made. Disclosure Requirement E5-5 - Resource outflows AR 26. Products and materials information to be provided under paragraph 35 refers to all materials and products that come out of the undertaking’s production process and that a company puts on the market (including packaging ). AR 27. When compiling the rate, the undertaking shall use as denominator the overall total weight of materials used during the reporting period. 11 AR 28. The undertaking may disclose its engagement in product end-of-life waste management , for example through extended producer responsibility schemes or take-back schemes. AR 29. Type of waste is to be understood as hazardous waste or non-hazardous waste. Some specific waste, such as radioactive waste, may also be presented as a separate type. AR 30. When considering the waste streams relevant to its sectors or activities, the undertaking may consider the list of waste descriptions from the European Waste Catalogue. AR 31. Examples of other types of recovery operations under paragraph 37(b)iii may be found in Annex II of Directive 2008/98/EC (Waste Framework Directive). AR 32. Examples of other types of disposal operations under paragraph 37(c)iii may be found in Annex I of Directive 2008/98/EC (Waste Framework Directive). AR 33. When providing contextual information under paragraph 40 the undertaking may: (a) explain the reasons for high weights of waste directed to disposal (e.g., local regulations that prohibit landfill of specific types of waste); (b) describe sector practices, sector standards, or external regulations that mandate a specific disposal operation; and (c) specify whether the data has been modelled or sourced from direct measurements, such as waste transfer notes from contracted waste collectors. Disclosure Requirement E5-6 – Anticipated financial effects from material resource use and circular economy-related risks and opportunities AR 34. When providing information under paragraph 42(b), the undertaking may illustrate and describe how it intends to strengthen value retention. AR 35. The undertaking may include an assessment of its related products and services at risk over the short-, medium- and long-term, explaining how these are defined, how financial amounts are estimated, and which critical assumptions are made. AR 36. The quantification of the anticipated financial effects in monetary terms under paragraph 43(a) may be a range. 12",ESRS_20E5_20Delegated-act-2023-5303-annex-1_en.pdf,10,12,Disclosure Requirement E5-3 - Targets related to resource use and circular economy
Framework_ESRS_20E4_20Delegated_act_2023_5303_annex_1_en_pdf,ESRS_20E4_20Delegated-act-2023-5303-annex-1_en,Framework,ESRS,,ESRS_20E4_20Delegated-act-2023-5303-annex-1_en.pdf,,,
Topic_ESRS_E4,ESRS E4 Standard,Topic,ESRS E4,,ESRS_20E4_20Delegated-act-2023-5303-annex-1_en.pdf,1,21,ESRS E4 Standard
Topic_ESRS_E4,ESRS E4 BIODIVERSITY AND ECOSYSTEMS Table of contents,Topic,ESRS E4,,ESRS_20E4_20Delegated-act-2023-5303-annex-1_en.pdf,1,3,ESRS E4 BIODIVERSITY AND ECOSYSTEMS Table of contents
Disclosure_IRO_1_Description_of_processes_to_identify_and_assess_material_biodiversity_and_ecosystem_related_im,"IRO-1 Description of processes to identify and assess material biodiversity and ecosystem-related impacts, risks and opp",Disclosure,IRO-1 Description of processes to identify and assess material biodiversity and ecosystem-related im,"IRO-1 Description of processes to identify and assess material biodiversity and ecosystem-related impacts, risks and opportunities o Disclosure Requirement E4-2 – Policies related to biodiversity and ecosystems o",ESRS_20E4_20Delegated-act-2023-5303-annex-1_en.pdf,1,1,"IRO-1 Description of processes to identify and assess material biodiversity and ecosystem-related impacts, risks and opp"
Disclosure_Disclosure_Requirement_E4_3_Actions_and_resources_related_to_biodiversity_and_ecosystems_Metrics_a,Disclosure Requirement E4-3 – Actions and resources related to biodiversity and ecosystems Metrics and targets o Disclos,Disclosure,Disclosure Requirement E4-3 – Actions and resources related to biodiversity and ecosystems Metrics a,"Disclosure Requirement E4-3 – Actions and resources related to biodiversity and ecosystems Metrics and targets o Disclosure Requirement E4-4 – Targets related to biodiversity plan and consideration of biodiversity and ecosystems in strategy and business model o Disclosure requirements related to ESRS 2 IRO-1 – Description of the processes to identify and assess material biodiversity and ecosystem-related impacts, risks and opportunities o Disclosure Requirement E4-2 – Policies related to biodiversity and ecosystems o",ESRS_20E4_20Delegated-act-2023-5303-annex-1_en.pdf,1,1,Disclosure Requirement E4-3 – Actions and resources related to biodiversity and ecosystems Metrics and targets o Disclos
Disclosure_Disclosure_Requirement_E4_3_Actions_and_resources_related_to_biodiversity_and_ecosystems_Metrics_a,Disclosure Requirement E4-3 – Actions and resources related to biodiversity and ecosystems Metrics and targets o Disclos,Disclosure,Disclosure Requirement E4-3 – Actions and resources related to biodiversity and ecosystems Metrics a,"Disclosure Requirement E4-3 – Actions and resources related to biodiversity and ecosystems Metrics and targets o Disclosure Requirement E4-4 – Targets related to biodiversity 1. The objective of this Standard is to specify Disclosure Requirements which will enable users of the sustainability statement to understand: (a) how the undertaking affects biodiversity and ecosystems , in terms of material positive and negative, actual and potential impacts, including the extent to which it contributes to the drivers of biodiversity and ecosystem loss and degradation; (b) any actions taken, and the result of such actions, to prevent or mitigate material negative actual or potential impacts and to protect and restore biodiversity and ecosystems, and to address risks and opportunities; and 1 (c) the plans and capacity of the undertaking to adapt its strategy and business model in line with: i. respecting planetary boundaries related to biosphere integrity and land system change ; ii. the vision of the Kunming-Montreal Global Biodiversity Framework and its relevant goals and targets ; iii. relevant aspects of the EU Biodiversity Strategy for 2030 1 ; iv. Directive 2009/147/EC of the European Parliament and of the Council and Council Directive 92/43/EEC (EU Birds and Habitats Directives) 2 ; and v. Directive 2008/56/EC of the European Parliament and of the Council (Marine Strategy Framework Directive 3 ; (d) the nature, type and extent of the undertaking’s material risks, dependencies and opportunities related to biodiversity and ecosystems, and how the undertaking manages them; and (e) the financial effects on the undertaking over the short-, medium- and long-term of material risks and opportunities arising from the undertaking’s impacts and dependencies on biodiversity and ecosystems. 2. This Standard sets out Disclosure Requirements related to the undertaking’s relationship to terrestrial, freshwater and marine habitats, ecosystems and populations of related fauna and flora species, including diversity within species, between species and of ecosystems and their interrelation with indigenous peoples and other affected communities. 3. The terms “ biodiversity ” and “ biological diversity ” refer to the variability among living organisms from all sources including, inter alia, terrestrial, freshwater , marine and other aquatic ecosystems and the ecological complexes of which they are part.",ESRS_20E4_20Delegated-act-2023-5303-annex-1_en.pdf,1,3,Disclosure Requirement E4-3 – Actions and resources related to biodiversity and ecosystems Metrics and targets o Disclos
Requirement_-3703243172037028012,Interaction with other ESRS,Requirement,Interaction with other ESRS,"4. ‘ Biodiversity and ecosystems ’ are closely connected to other environmental matters. The main direct drivers of biodiversity and ecosystems change are climate change, pollution , land- use change, freshwater -use change and sea-use change, direct exploitation of organisms and invasive alien species. These drivers are covered in this standard, except for climate change (covered by ESRS E1) and pollution (covered by ESRS E2). 5. To obtain a comprehensive understanding of material impacts and dependencies on biodiversity and ecosystems , the Disclosure Requirements of other environmental ESRS should be read and interpreted in conjunction with the specific disclosure requirements of this Standard. The relevant disclosure requirements covered in other environmental ESRS are: (a) ESRS E1 Climate change , which addresses in particular GHG emissions and energy resources (energy consumption); (b) ESRS E2 Pollution , which addresses pollution to air, water and soil ; (c) ESRS E3 Water and marine resources which addresses in particular water resources (water consumption) and marine resources ; 1 EU Biodiversity Strategy for 2030- Bringing nature back into our lives, COM/2020/380 final. 2 Directive 2009/147/EC of the European Parliament and of the Council of 30 November 2009 on the conservation of wild birds ( OJ L 20, 26.1.2010, p. 7) and Council Directive 92/43/EEC of 21 May 1992 on the conservation of natural habitats and of wild fauna and flora (OJ L 206, 22.7.1992, p. 7). 3 Directive 2008/56/EC of the European Parliament and of the Council of 17 June 2008 establishing a framework for community action in the field of marine environmental policy (Marine Strategy Framework Directive) ( OJ L 164, 25.6.2008, p. 19). 2 (d) ESRS E5 Resource use and circular economy addresses in particular the transition away from extraction of non-renewable resources and the implementation of practices that prevent waste generation, including pollution generated by waste. 6. The undertaking’s impacts on biodiversity and ecosystems affect people and communities. When reporting on material negative impacts on affected communities from biodiversity and ecosystem change under ESRS E4, the undertaking shall consider the requirements of ESRS S3 Affected communities . 7. This Standard should be read in conjunction with ESRS 1 General requirements and ESRS 2 General disclosures . Disclosure Requirements",ESRS_20E4_20Delegated-act-2023-5303-annex-1_en.pdf,2,3,Interaction with other ESRS
Topic_ESRS_2,ESRS 2 General disclosures,Topic,ESRS 2,"8. The requirements of this section shall be read in conjunction with the disclosures required  by ESRS 2 Chapter 2 Governance, Chapter 3 Strategy and Chapter 4 Impact, risk and opportunity management . 9. The resulting disclosures shall be presented alongside the disclosures required by ESRS 2, except for ESRS 2 SBM-3, for which the undertaking has an option to present the disclosures alongside the topical disclosures. 10. In addition to the requirements in ESRS 2, this Standard also includes the topic specific Disclosure Requirement E4-1 Transition plan and consideration of biodiversity and ecosystems in strategy and business model .",ESRS_20E4_20Delegated-act-2023-5303-annex-1_en.pdf,3,10,ESRS 2 General disclosures
Disclosure_Disclosure_Requirement_E4_1_Transition_plan_and_consideration_of_biodiversity_and_ecosystems_in_st,Disclosure Requirement E4-1 – Transition plan and consideration of biodiversity and ecosystems in strategy and business ,Disclosure,Disclosure Requirement E4-1 – Transition plan and consideration of biodiversity and ecosystems in st,"Disclosure Requirement E4-1 – Transition plan and consideration of biodiversity and ecosystems in strategy and business model 11. The undertaking shall disclose how its biodiversity and ecosystem impacts, dependencies, risks and opportunities originate from and trigger adaptation of its strategy and business model. 12. The objective of this Disclosure Requirement is to enable an understanding of the resilience of the undertaking’s strategy and business model in relation to biodiversity and ecosystems , and of the compatibility of the undertaking’s strategy and business model with regard to relevant local, national and global public policy targets related to biodiversity and ecosystems. 13. The undertaking shall describe the resilience of its strategy and business model in relation to biodiversity and ecosystems . The description shall include: (a) an assessment of the resilience of the current business model and strategy to biodiversity and ecosystems-related physical, transition and systemic risks; (b) the scope of the resilience analysis in relation to the undertaking’s own operations and its upstream and downstream value chain and in relation to the risks considered in that analysis; (c) the key assumptions made; (d) the time horizons used; (e) the results of the resilience analysis; and (f) the involvement of stakeholders, including, where appropriate, holders of indigenous and local knowledge. 3 14. If information specified in this disclosure requirement is disclosed by the undertaking as part of the information required under ESRS 2 SBM-3, the undertaking may refer to the information it has disclosed under ESRS 2 SBM-3. 15. The undertaking may disclose its transition plan to improve and, ultimately, achieve alignment of its business model and strategy with the vision of the Kunming-Montreal Global Biodiversity Framework and its relevant goals and targets, the EU Biodiversity Strategy for 2030, and with respecting planetary boundaries related to biosphere integrity and land-system change .",ESRS_20E4_20Delegated-act-2023-5303-annex-1_en.pdf,3,4,Disclosure Requirement E4-1 – Transition plan and consideration of biodiversity and ecosystems in strategy and business 
Disclosure_Disclosure_Requirement_SBM_3_Material_impacts_risks_and_opportunities_and_their_interaction_with,"Disclosure Requirement SBM 3 – Material impacts, risks and opportunities and their interaction with strategy and busines",Disclosure,"Disclosure Requirement SBM 3 – Material impacts, risks and opportunities and their interaction with ","Disclosure Requirement SBM 3 – Material impacts, risks and opportunities and their interaction with strategy and business model 16. The undertaking shall disclose: (a) a list of material sites in its own operations, including sites under its operational control, based on the results of paragraph 17(a). The undertaking shall disclose these locations by: i. specifying the activities negatively affecting biodiversity sensitive areas 4 ; ii. providing a breakdown of sites according to the impacts and dependencies identified, and to the ecological status of the areas (with reference to the specific ecosystem baseline level) where they are located; and iii. specifying the biodiversity-sensitive areas impacted, for users to be able to determine the location and the responsible competent authority with regards to the activities specified in paragraph 16(a) i. (b) whether it has identified material negative impacts with regards to land degradation , desertification or soil sealing 5 ; and (c) whether it has operations that affect threatened species 6 .",ESRS_20E4_20Delegated-act-2023-5303-annex-1_en.pdf,4,4,"Disclosure Requirement SBM 3 – Material impacts, risks and opportunities and their interaction with strategy and busines"
Disclosure_Disclosure_Requirement_related_to_ESRS_2_IRO_1_Description_of_processes_to_identify_and_assess_mater,Disclosure Requirement related to ESRS 2 IRO-1 Description of processes to identify and assess material biodiversity and,Disclosure,Disclosure Requirement related to ESRS 2 IRO-1 Description of processes to identify and assess mater,"Disclosure Requirement related to ESRS 2 IRO-1 Description of processes to identify and assess material biodiversity and ecosystem-related impacts, risks, dependencies and opportunities 17. The undertaking shall describe its process to identify material impacts, risks, dependencies and opportunities. The description of the process shall include whether and how the undertaking: 4 This information supports the information needs of financial markets participants subject to Regulation (EU) 2019/2088 because it is derived from an additional indicator related to principal adverse impacts as set out by indicator #7 in Table 1 Annex 1 of the related Delegated Regulation with regard to disclosure rules on sustainable investments ( “Activities negatively affecting biodiversity-sensitive areas”). 5 This information supports the information needs of financial market participants subject to Regulation (EU) 2019/2088 because it is derived from an additional indicator related to principal adverse impact as set out by indicator #10 in Table 2 of Annex 1 of the related Delegated Regulation with regard to disclosure rules on sustainable investments (“Land degradation, desertification, soil sealing”). 6 This information supports the information needs of financial market participants subject to Regulation (EU) 2019/2088 because it is derived from an additional indicator related to principal adverse impact as set out by indicator #14 in Table 2 of Annex 1 of the related Delegated Regulation with regard to disclosure rules on sustainable investments (“Natural species and protected areas”). 4 (a) identified and assessed actual and potential impacts on biodiversity and ecosystems at own site locations and in the upstream and downstream value chain, including assessment criteria applied; (b) identified and assessed dependencies on biodiversity and ecosystems and their services at own site locations and in the upstream and downstream value chain, including assessment criteria applied, and, if this assessment includes ecosystem services that are disrupted or likely to be; (c) identified and assessed transition and physical risks and opportunities related to biodiversity and ecosystems, including assessment criteria applied based on its impacts and dependencies; (d) considered systemic risks ; (e) conducted consultations with affected communities on sustainability assessments of shared biological resources and ecosystems and, in particular: i. when a site, a raw material production or sourcing is likely to negatively impact biodiversity and ecosystems, the identification of the specific sites, raw materials production or sourcing with negative or potentially negative impacts on affected communities; ii. when affected communities are likely to be impacted, the undertaking, shall disclose how these communities were involved in the materiality assessment; and iii. with respect to impacts on ecosystem services of relevance to affected communities in its own operations, the undertaking shall indicate how negative impacts may be avoided. If these impacts are unavoidable, the undertaking may indicate its plans to minimise them and implement mitigation measures that aim to maintain the value and functionality of priority services. 18. The undertaking may disclose whether and how it has used biodiversity and ecosystems scenario analysis to inform the identification and assessment of material risks and opportunities over short-, medium- and long-term time horizons. If the undertaking has used such scenario analysis, it may disclose the following information: (a) why the considered scenarios were selected; (b) how the considered scenarios are updated according to evolving conditions and emerging trends; and (c) whether the scenarios are informed by expectations published by authoritative intergovernmental bodies, such as the Convention for Biological Diversity and, where relevant, by scientific consensus, such as that expressed by the Intergovernmental Science-policy Platform on Biodiversity and Ecosystem Services (IPBES). 19. The undertaking shall specifically disclose: (a) whether or not it has sites located in or near biodiversity-sensitive areas and whether activities related to these sites negatively affect these areas by leading to the deterioration of natural habitats and the habitats of species and to the disturbance of the species for which a protected area has been designated; and (b) whether it has been concluded that it is necessary to implement biodiversity mitigation measures, such as those identified in: Directive 2009/147/EC of the European Parliament and of the Council on the conservation of wild birds; Council Directive 92/43/EEC on the conservation of natural habitats and of wild fauna and flora; an Environmental Impact Assessment (EIA) as defined in Article 1(2), point (g), of Directive 2011/92/EU of the European Parliament and of the Council 7 on the assessment of the 7 Directive 2011/92/EU of the European Parliament and of the Council of 13 December 2011 on the assessment of the effects of certain public and private projects on the environment (OJ L 26, 28.1.2012, p. 1). 5 effects of certain public and private projects on the environment; and for activities located in third countries, in accordance with equivalent national provisions or international standards, such as the International Finance Corporation (IFC) Performance Standard 6: Biodiversity Conservation and Sustainable Management of Living Natural Resources.",ESRS_20E4_20Delegated-act-2023-5303-annex-1_en.pdf,4,6,Disclosure Requirement related to ESRS 2 IRO-1 Description of processes to identify and assess material biodiversity and
Disclosure_Disclosure_Requirement_E4_2_Policies_related_to_biodiversity_and_ecosystems,Disclosure Requirement E4-2 – Policies related to biodiversity and ecosystems,Disclosure,Disclosure Requirement E4-2 – Policies related to biodiversity and ecosystems,"Disclosure Requirement E4-2 – Policies related to biodiversity and ecosystems 20. The undertaking shall describe its adopted policies to manage its material impacts, risks, dependencies, and opportunities related to biodiversity and ecosystems. 21. The objective of this Disclosure Requirement is to enable an understanding of the extent to which the undertaking has policies that address the identification, assessment, management and/or remediation of its material biodiversity and ecosystem - related impacts , dependencies , risks and opportunities . 22. The disclosure required by paragraph 20 shall contain the information on the policies the undertaking has in place to manage its material impacts, risks, dependencies and opportunities related to biodiversity and ecosystems in accordance with ESRS 2 MDR-P Policies adopted to manage material sustainability matters ). 23. In addition to the provisions of ESRS 2 MDR-P the undertaking shall describe whether and how its biodiversity and ecosystems -related policies : (a) relate to the matters specified in ESRS E4 AR 4; (b) relate to its material biodiversity and ecosystems-related impacts; (c) relate to material dependencies and material physical and transition risks and opportunities; (d) support traceability of products, components and raw materials with material actual or potential impacts on biodiversity and ecosystems along the value chain ; (e) address production, sourcing or consumption from ecosystems that are managed to maintain or enhance conditions for biodiversity, as demonstrated by regular monitoring and reporting of biodiversity status and gains or losses; and (f) address social consequences of biodiversity and ecosystems-related impacts. 24. The undertaking shall specifically disclose whether it has adopted: (a) biodiversity and ecosystem protection policy covering operational sites owned, leased, or managed in or near a biodiversity sensitive area; (b) sustainable land / agriculture practices or policies 8 ; (c) sustainable oceans / seas practices or policies 9 ; and (d) policies to address deforestation 10 . 8 This information supports the information needs of financial market participants subject to Regulation (EU) 2019/2088 because it is derived from an additional indicator related to principal adverse impact as set out by indicator #11 in Table II of Annex I of Commission Delegated Regulation (EU) 2022/1288 with regard to disclosure rules on sustainable investments (“Investments in companies without sustainable land/agriculture practices”). 9 This information supports the information needs of financial market participants subject to Regulation (EU) 2019/2088 because it is derived from an additional indicator related to principal adverse impact as set out by indicator #12 in Table II of Annex I of Commission Delegated Regulation (EU) 2022/1288 with regard to disclosure rules on sustainable investments (“Investments in companies without sustainable oceans/seas practices”). 10 This information supports the information needs of financial market participants subject to Regulation (EU) 2019/2088 because it is derived from an additional indicator related to principal adverse impact as set out by indicator #15 in Table II of 6",ESRS_20E4_20Delegated-act-2023-5303-annex-1_en.pdf,6,6,Disclosure Requirement E4-2 – Policies related to biodiversity and ecosystems
Disclosure_Disclosure_Requirement_E4_3_Actions_and_resources_related_to_biodiversity_and_ecosystems,Disclosure Requirement E4-3 – Actions and resources related to biodiversity and ecosystems,Disclosure,Disclosure Requirement E4-3 – Actions and resources related to biodiversity and ecosystems,"Disclosure Requirement E4-3 – Actions and resources related to biodiversity and ecosystems 25. The undertaking shall disclose its biodiversity and ecosystems-related actions and the resources allocated to their implementation. 26. The objective of this Disclosure Requirement is to enable an understanding of the key actions taken and planned that significantly contribute to the achievement of biodiversity and ecosystems -related policy objectives and targets . 27. The description of key actions and resources shall follow the mandatory content defined in ESRS 2 MDR-A Actions and resources in relation to material sustainability matters . 28. In addition, the undertaking : (a) may disclose how it has applied the mitigation hierarchy with regard to its actions (avoidance, minimisation, restoration/rehabilitation, and compensation or offsets); (b) shall disclose whether it used biodiversity offsets in its action plans. If the actions contain biodiversity offsets, the undertaking shall include the following information: i. the aim of the offset and key performance indicators used; ii. the financing effects (direct and indirect costs) of biodiversity offsets in monetary terms; and; iii. a description of offsets including area, type, the quality criteria applied and the standards that the biodiversity offsets comply with; (c) shall describe whether and how it has incorporated local and indigenous knowledge and nature- based solutions into biodiversity and ecosystems -related actions. Metrics and targets",ESRS_20E4_20Delegated-act-2023-5303-annex-1_en.pdf,7,7,Disclosure Requirement E4-3 – Actions and resources related to biodiversity and ecosystems
Disclosure_Disclosure_Requirement_E4_4_Targets_related_to_biodiversity_and_ecosystems,Disclosure Requirement E4-4 – Targets related to biodiversity and ecosystems,Disclosure,Disclosure Requirement E4-4 – Targets related to biodiversity and ecosystems,"Disclosure Requirement E4-4 – Targets related to biodiversity and ecosystems 30. The objective of this Disclosure Requirement is to allow an understanding of the targets the undertaking has adopted to support its biodiversity and ecosystems policies and address its material related impacts , dependencies , risks and opportunities . 31. The description of the targets shall follow the mandatory content defined in ESRS 2 MDR-T Tracking effectiveness of policies and actions through targets . 32. The disclosure required by paragraph 29 shall include the following information: (a) whether ecological thresholds and allocations of impacts to the undertaking were applied when setting targets. If so, the undertaking shall specify: i. the ecological thresholds identified and the methodology used to identify such thresholds; ii. whether or not the thresholds are entity-specific and if so, how they were determined; and Annex I of Commission Delegated Regulation (EU) 2022/1288 with regard to disclosure rules on sustainable investments (“Deforestation”). 7 iii. how responsibility for respecting identified ecological thresholds is allocated in the undertaking; (b) whether the targets are informed by, and/or aligned with the Kunming-Montreal Global Biodiversity Framework, relevant aspects of the EU Biodiversity Strategy for 2030 and other biodiversity and ecosystem -related national policies and legislation; (c) how the targets relate to the biodiversity and ecosystem impacts, dependencies, risks and opportunities identified by the undertaking in relation to its own operations and its upstream and downstream value chain; (d) the geographical scope of the targets, if relevant; (e) whether or not the undertaking used biodiversity offsets in setting its targets; and (f) to which of the layers of the mitigation hierarchy the target can be allocated (i.e., avoidance, minimisation, restoration and rehabilitation, compensation or offsets).",ESRS_20E4_20Delegated-act-2023-5303-annex-1_en.pdf,7,8,Disclosure Requirement E4-4 – Targets related to biodiversity and ecosystems
Disclosure_Disclosure_Requirement_E4_5_Impact_metrics_related_to_biodiversity_and_ecosystems_change,Disclosure Requirement E4-5 – Impact metrics related to biodiversity and ecosystems change,Disclosure,Disclosure Requirement E4-5 – Impact metrics related to biodiversity and ecosystems change,"Disclosure Requirement E4-5 – Impact metrics related to biodiversity and ecosystems change 33. The undertaking shall report metrics related to its material impacts on biodiversity and ecosystems . 34. The objective of this Disclosure Requirement is to enable an understanding of the performance of the undertaking against impacts identified as material in the materiality assessment on biodiversity and ecosystems change. 35. If the undertaking identified sites located in or near biodiversity-sensitive areas that it is negatively affecting (see paragraph 19(a)), the undertaking shall disclose the number and area (in hectares) of sites owned, leased or managed in or near these protected areas or key biodiversity areas. 36. If the undertaking has identified material impacts with regards to land-use change, or impacts on the extent and condition of ecosystems , it may also disclose their land-use based on a Life Cycle Assessment. 37. For datapoints specified in paragraphs 38 to 41, the undertaking shall consider its own operations. 38. If the undertaking has concluded that it directly contributes to the impact drivers of land-use change , freshwater -use change and/or sea-use change, it shall report relevant metrics. The undertaking may disclose metrics that measure: (a) the conversion over time (e.g. 1 or 5 years) of land cover (e.g. deforestation or mining); (b) changes over time (e.g. 1 or 5 years) in the management of the ecosystem (e.g., through the intensification of agricultural management, or the application of better management practices or forestry harvesting); (c) changes in the spatial configuration of the landscape (e.g. fragmentation of habitats, changes in ecosystem connectivity); (d) changes in ecosystem structural connectivity (e.g. habitat permeability based on physical features and arrangements of habitat patches); and (e) the functional connectivity (e.g. how well genes or individuals move through land, freshwater and seascape). 39. If the undertaking concluded that it directly contributes to the accidental or voluntary introduction of invasive alien species, the undertaking may disclose the metrics it uses to manage pathways of introduction and spread of invasive alien species and the risks posed by invasive alien species. 8 40. If the undertaking identified material impacts related to the state of species, the undertaking may report metrics it considers relevant. The undertaking may: (a) refer to relevant disclosure requirements in ESRS E1, ESRS E2, ESRS E3, and ESRS E5; (b) consider population size, range within specific ecosystems as well as extinction risk. These aspects provide insight on the health of a single species’ population and its relative resilience to human induced and naturally occurring change; (c) disclose metrics that measure changes in the number of individuals of a species within a specific area; (d) disclose metrics on species at extinction risk 11 that measure: i. the threat status of species and how activities/pressures may affect the threat status; or ii. changes in the relevant habitat for a threatened species as a proxy for the undertaking’s impact on the local population’s extinction risk. 41. If the undertaking identified material impacts related to ecosystems, it may disclose: (a) with regard to ecosystems extent, metrics that measure area coverage of a particular ecosystem without necessarily considering the quality of the area being assessed, such as habitat cover. For example, forest cover is a measure of the extent of a particular ecosystem type, without factoring in the condition of the ecosystem (e.g., provides the area without describing the species  diversity within the forest). (b) with regard to ecosystems condition: i. metrics that measure the quality of ecosystems relative to a pre-determined reference state; ii. metrics that measure multiple species within an ecosystem rather than the number of individuals within a single species within an ecosystem (for example: scientifically established species richness and abundance indicators that measure the development of (native) species composition within an ecosystem against the reference state at the beginning of the first reporting period as well as the targeted state outlined in the  Kunming-Montreal  Global Biodiversity Framework, or an aggregation of species’ conservation status if relevant); or iii. metrics that reflect structural components of condition such as habitat connectivity (i.e., how linked habitats are to each other).",ESRS_20E4_20Delegated-act-2023-5303-annex-1_en.pdf,8,9,Disclosure Requirement E4-5 – Impact metrics related to biodiversity and ecosystems change
Disclosure_Disclosure_Requirement_E4_6_Anticipated_financial_effects_from_material_biodiversity_and_ecosystem,Disclosure Requirement E4-6 – Anticipated financial effects from material biodiversity and ecosystem-related  risks and ,Disclosure,Disclosure Requirement E4-6 – Anticipated financial effects from material biodiversity and ecosystem,"Disclosure Requirement E4-6 – Anticipated financial effects from material biodiversity and ecosystem-related  risks and opportunities 42. The undertaking shall disclose its anticipated financial effects of material biodiversity- and ecosystem-related risks and opportunities. 43. The information required by paragraph 42 is in addition to the information on current financial effects on the entity’s financial position, financial performance and cash flows for the reporting period required under ESRS 2 SBM-3 para 48 (d). 44. The objective of this Disclosure Requirement is to provide an understanding of: (a) anticipated financial effects due to material risks arising from biodiversity- and ecosystem-related impacts and dependencies and how these risks have  (or could reasonably be expected to have) a material influence on the undertaking’s financial 11 As indicated in the IUCN Red List of Threatened Species and the European Red List published by the European Commission. 9 position, financial performance and cash flows over the short-, medium- and long-term; and (b) anticipated financial effects due to material opportunities related to biodiversity- and ecosystem. 45. The disclosure shall include: (a) a quantification of the anticipated financial effects in monetary terms before considering biodiversity and ecosystems -related actions or where not possible without undue cost or effort, qualitative information. For financial effects arising from material opportunities, a quantification is not required if it would result in disclosure that does not meet the qualitative characteristics of information (see ESRS 1 Appendix B Qualitative characteristics of information ). The quantification of the anticipated financial effects in monetary terms may be a single amount or a range; (b) a description of the effects considered, the impacts and dependencies to which they relate and the time horizons in which they are likely to materialise; and (c) the critical assumptions used to quantify the anticipated financial effects as well as the sources and the level of uncertainty of those assumptions. This appendix is an integral part of the ESRS E4. It supports the application of the disclosure requirements set out in this standard and has the same authority as the other parts of the standard.",ESRS_20E4_20Delegated-act-2023-5303-annex-1_en.pdf,9,10,Disclosure Requirement E4-6 – Anticipated financial effects from material biodiversity and ecosystem-related  risks and 
Topic_ESRS_2,ESRS 2 General disclosures,Topic,ESRS 2,,ESRS_20E4_20Delegated-act-2023-5303-annex-1_en.pdf,10,21,ESRS 2 General disclosures
Disclosure_Disclosure_Requirement_E4_1_Transition_plan_and_consideration_of_biodiversity_and_ecosystems_in_st,Disclosure Requirement E4-1 – Transition plan and consideration of biodiversity and ecosystems in strategy and business ,Disclosure,Disclosure Requirement E4-1 – Transition plan and consideration of biodiversity and ecosystems in st,"Disclosure Requirement E4-1 – Transition plan and consideration of biodiversity and ecosystems in strategy and business model AR 1. If disclosing a transition plan, the undertaking may: (a) explain how it will adjust its strategy and business model to improve and, ultimately, achieve alignment with relevant local, national and global public policy goals and targets related to biodiversity and ecosystems including the vision of the Kunming Montreal Global Biodiversity Framework and its relevant goals and targets, the EU Biodiversity Strategy for 2030, and Directive 2009/147/EC Council Directive 92/43/EEC (the EU Birds and Habitats Directives) and, as appropriate, planetary boundaries related to biosphere integrity and land-system change ; (b) include information about its own operations and also explain how it is responding to material impacts in its upstream and downstream value chain identified in its materiality assessment in accordance with ESRS 2 IRO-1 Description of the processes to identify and assess material impacts, risks and opportunities; (c) explain how its strategy interacts with its transition plan; (d) explain how it contributes to addressing biodiversity and ecosystem impact drivers and its possible mitigation actions following the mitigation hierarchy and the main path- dependencies and locked-in assets and resources (e.g., plants, raw materials) that are associated with biodiversity and ecosystems change; 10 (e) explain and quantify its investments and funding supporting the implementation of its transition plan, with a reference to the key performance indicators of taxonomy aligned CapEx, and where relevant the CapEx plans, that the undertaking discloses in accordance with Commission Delegated Regulation (EU) 2021/2178; (f) if it has economic activities that are covered by delegated regulations on biodiversity under the Taxonomy Regulation, explain any objective or plans (CapEX, CapEx plans) that it has for aligning its economic activities (revenues, CapEx) with the criteria established in those delegated regulations; (g) explain how biodiversity offsets are used as part of the transition plan, and if so, where the offsets are planned to be used, the extent of use in relation to the overall transition plan, and whether the mitigation hierarchy was considered; (h) explain how the process of implementing and updating the transition plan is managed; (i) explain how it measures progress, namely indicate the metrics and methodologies it uses for that purpose; (j) indicate whether the administrative, management and supervisory bodies have approved the transition plan; and (k) indicate current challenges and limitations to draft a plan in relation to areas of significant impact and how the company is addressing those challenges. AR 2.  If disclosing a transition plan, the undertaking may, for example, refer to the following targets from the EU Biodiversity Strategy for 2030: (a) The decline of pollinators is reversed. (b) The risk and use of chemical pesticides is reduced by 50%, and the use of more hazardous pesticides is reduced by 50%. (c) At least 25% of agricultural land is under organic farming management, and the uptake of agro-ecological practices is significantly increased. (d) Three billion additional trees are planted in the EU, in full respect of ecological principles. (e) Significant progress in the remediation of contaminated soil sites . (f) At least 25,000 km of free-flowing rivers are restored. (g) The losses of nutrients from fertilisers are reduced by 50%, resulting in the reduction of the use of fertilisers by at least 20%. (h) The negative impacts on sensitive species and habitats, including on the seabed through fishing and extraction activities, are substantially reduced to achieve good environmental status. AR 3.  If disclosing a transition plan, the undertaking may also refer to the Sustainable Development Goals, in particular: (a) SDG 2 - End hunger, achieve food security and improved nutrition and promote sustainable agriculture; (b) SDG 6 - Ensure availability and sustainable management of water and sanitation for all; (c) SDG 14 - Conserve and sustainably use the oceans, seas and marine resources for sustainable development; and (d) SDG 15 - Protect, restore and promote sustainable use of terrestrial ecosystems , sustainably manage forests, combat desertification , and halt and reverse land degradation and halt biodiversity loss . 11 AR 4. The materiality assessment under ESRS E4 includes the undertaking’s: (a) contribution to direct impact drivers on biodiversity loss 12 : i. climate change; ii. land-use change (e.g., land artificialisation), freshwater -use change and sea- use change; iii. direct exploitation; iv. invasive alien species ; v. pollution; and vi. vi.  others. (b) impacts on the state of species (i.e., species population size, species global extinction risk); (c) impacts on the extent and condition of ecosystems including through land degradation , desertification and soil sealing ); and (d) impacts and dependencies on ecosystem services. AR 5.  When assessing the materiality of impacts , dependencies , risks and opportunities the undertaking shall consider the provisions in ESRS 2 IRO-1 and ESRS 1 Chapter 3 Double materiality as the basis for sustainability disclosures and describe its considerations. AR 6.  The undertaking shall assess the materiality of biodiversity and ecosystems in its own operations and its upstream and downstream value chain , and may conduct its materiality assessment in line with the first three phases of the LEAP approach: Locate (paragraph AR 7), Evaluate (paragraph AR 8) and Assess (paragraph AR 9). 12 The direct driver climate change is to be reported under ESRS E1 Climate Change and pollution under ESRS E2 Pollution. 12 AR 7.  Phase 1 relates to the localisation of relevant sites regarding its interface with biodiversity and ecosystems . To identify these relevant sites the undertaking may: (a) develop a list of locations of direct assets and operations and related upstream and downstream value chain that are relevant to the undertakings business activities. Furthermore, the undertaking may provide information about sites for which future operations have been formally announced; (b) list the biomes and ecosystems it is interfacing with based on the list of locations identified under paragraph AR 7(a); (c) identify the current integrity and importance of biodiversity and ecosystem at each location taking into consideration the information provided in paragraphs 16 and 17; (d) develop a list of locations where the undertaking is interfacing with locations in or near biodiversity-sensitive areas taking into consideration the information provided in paragraphs 16 and 17; and (e) identify which sectors, business units, value chains or asset classes are  interfacing with biodiversity and ecosystems in these material sites. Instead of identifying these interfaces per site, the undertaking may choose to identify them per raw material procured or sold by weight in tons, if such practice offers greater transparency. AR 8.  In Phase 2, to evaluate its actual or potential impacts and dependencies on biodiversity and ecosystems for relevant sites , the undertaking may: (a) identify business processes and activities that interface with biodiversity and ecosystems; (b) identify actual and potential impacts and dependencies; (c) indicate the size, scale, frequency of occurrence and timeframe of the impacts on biodiversity and ecosystems taking into consideration the disclosures under paragraphs 16 and 17. Furthermore, the undertaking may disclose: i. the percentage of its suppliers ’ facilities which are located in risk prone areas (with threatened species on the IUCN Red List of Species, the Birds and Habitats Directive or nationally list of threatened species, or in officially recognised Protected Areas, the Natura 2000 network of protected areas and Key Biodiversity Areas); ii. the percentage of its procurement spend from suppliers with facilities which are located in risk prone areas (with threatened species on the IUCN Red List of Species, the Birds and Habitats Directive or nationally list of threatened species, or in officially recognised Protected Areas, the Natura 2000 network of protected areas and Key Biodiversity Areas); and (d) indicate the size and scale of the dependencies on biodiversity and ecosystems, including on raw materials, natural resources and ecosystem services . The undertaking may rely on the international classifications such as the Common International Classification of Ecosystem Services (CICES). AR 9.   In Phase 3, to assesses its material risks and opportunities based on the results of Phases 1 and 2, the undertaking may consider the following categories: (a) physical risks : i. acute risks (e.g., natural disasters exacerbated by loss of coastal protection from ecosystems , leading to costs of storm damage to coastal infrastructure, disease or pests affecting the species or variety of crop the undertaking relies on, especially in the case of no or low genetic diversity, species loss and ecosystem degradation ); and ii. chronic risks (e.g., loss of crop yield due to decline in pollination services, increasing scarcity or variable production of key natural inputs, ecosystem degradation due to operations leading to, for example,  coastal erosion and forest 13 fragmentation, ocean acidification, land loss to desertification and soil degradation and consequent loss of soil fertility, species loss). (b) transition risks , including: i. policy and legal: e.g. introduction of regulation or policy (e.g. changes such as increased land protection); exposure to sanctions and litigation (e.g. spills of polluting effluents that damage human and ecosystem health; or violation of biodiversity-related rights, permits or allocations; or negligence towards or killing of threatened species ); enhanced reporting obligations on biodiversity, ecosystems and related services; ii. technology: e.g. substitution of products or services by products or services with a lower impact on biodiversity or dependence on ecosystem services , lack of access to data or access to poor quality data that hamper biodiversity-related assessments, transition to more efficient and cleaner technologies (i.e. with lower impacts on biodiversity), new monitoring technologies (e.g. satellite), requirements to use certain technologies (e.g. climate resistant crops, mechanical pollinators, water purification, flood protection); iii. market: e.g., shifting supply, demand and financing, volatility or increased costs of raw materials (e.g., biodiversity-intense inputs for which price has risen due to ecosystem degradation ); iv. reputation: e.g., changing societal, customer or community perceptions as a result of an organisation’s role in loss of biodiversity, violation of nature-related rights through operations, negative media coverage due to impacts on critical species and/or ecosystems, biodiversity-related social conflicts over endangered species, protected areas, resources or pollution . (c) systemic risks , including: i. ecosystem collapse risks that a critical natural system no longer functions, e.g., tipping points are reached and the collapse of ecosystems resulting in wholesale geographic or sector losses  (summing physical risks); ii. aggregated risk linked to fundamental impacts of biodiversity loss to levels of transition and physical risk across one or more sectors in a portfolio (corporate or financial); and iii. contagion risks that financial difficulties of certain corporations or financial institutions linked to failure to account for exposure to biodiversity-related risks spill over to the economic system as a whole. (d) opportunities, including for example: i. business performance categories: resource efficiency; products and services; markets; capital flow and financing; reputational capital; and ii. sustainability performance categories: ecosystem protection, restoration and regeneration ; sustainability use of natural resources. AR 10. The undertaking may consider the tables below to facilitate its materiality assessment of material sites identified under paragraph AR 7: 14 With regard to AR 7(e), the undertaking may consider using the table below: AR 11. The policies described under this Disclosure Requirement may be integrated in broader environmental or sustainability policies covering different subtopics. AR 12. The undertaking may also provide information on how the policy refers to the production, sourcing or consumption of raw materials, and in particular how it: (a) limits procurement from suppliers that cannot demonstrate that they are not contributing to significant damage to protected areas or key biodiversity areas (e.g., through certification); (b) refers to recognised standards or third-party certifications overseen by regulators; and (c) addresses raw materials originating from ecosystems that have been managed to maintain or enhance conditions for biodiversity, as demonstrated by regular monitoring and reporting of biodiversity status and gains or losses. 15 AR 13. The undertaking may disclose connections and alignment with other global goals and agreements such as the SDGs 2, 6, 14 and 15 or any other well established global convention related to biodiversity and ecosystems. AR 14. When disclosing policies related to social consequences of biodiversity and ecosystems related dependencies and impacts under 23 (f), the undertaking may notably refer to the Nagoya Protocol and the Convention for Biological Diversity (CBD). AR 15. When disclosing information about whether and how its policies address the social consequences of biodiversity and ecosystems-related impacts under paragraph 23(f), the undertaking may provide information in relation to: (a) the fair and equitable sharing of the benefits arising from the utilisation of genetic resources; and (b) the free, prior and informed consent for access to genetic resources. AR 16. The undertaking may also explain how its policy enables it to: (a) avoid negative impacts on biodiversity and ecosystems in its own operations and related upstream and downstream value chain ; (b) reduce and minimise its negative impacts on biodiversity and ecosystems in its operations and throughout the upstream and downstream value chain that cannot be avoided; (c) restore and rehabilitate degraded ecosystems or restore cleared ecosystems following exposure to impacts that cannot be completely avoided and/or minimised; and (d) mitigate its contribution to material biodiversity loss drivers. AR 17. When disclosing its policies , if referring to third-party standards of conduct, the undertaking may disclose whether the standard used: (a) is objective and achievable based on a scientific approach to identifying issues, and realistic in assessing how these issues can be addressed on the ground under a variety of practical circumstances; (b) is developed or maintained through a process of ongoing consultation with stakeholders with balanced input from all relevant stakeholder groups, including producers, traders, processors, financiers, local people and communities, indigenous peoples, and civil society organisations representing consumer , environmental and social interests, with no group holding undue authority or veto power over the content; (c) encourages a step-wise approach and continuous improvement, both in the standard and its application of better management practices, and requires the establishment of meaningful targets and specific milestones to indicate progress against principles and criteria over time; (d) is verifiable through independent certifying or verifying bodies, which have defined and rigorous assessment procedures that avoid conflicts of interest, and are compliant with ISO guidance on accreditation and verification procedures or Article 5(2) of Regulation (EC) No 765/2008; and (e) conforms to the ISEAL Code of Good Practice. 16",ESRS_20E4_20Delegated-act-2023-5303-annex-1_en.pdf,10,16,Disclosure Requirement E4-1 – Transition plan and consideration of biodiversity and ecosystems in strategy and business 
Disclosure_Disclosure_Requirement_E4_3_Actions_and_resources_related_to_biodiversity_and_ecosystems,Disclosure Requirement E4-3 – Actions and resources related to biodiversity and ecosystems,Disclosure,Disclosure Requirement E4-3 – Actions and resources related to biodiversity and ecosystems,"Disclosure Requirement E4-3 – Actions and resources related to biodiversity and ecosystems AR 18. The undertaking may relate significant monetary amounts of CapEx and OpEx required to implement the actions taken or planned to: (a) the relevant line items or notes in the financial statements; (b) the key performance indicators required under article 8 of Regulation (EU) 2020/852 and under Commission Delegated Regulation (EU) 2021/2178; and (c) if applicable, the CapEx plan required by Commission Delegated Regulation (EU) 2021/2178. AR 19. The undertaking may disclose whether it considers an “avoidance” action plan, which prevents damaging actions before they take place. Avoidance often involves a decision to deviate from the business-as-usual project development path. An example of avoidance is altering the biodiversity and ecosystem footprint of a project to avoid destruction of natural habitat on the site and/or establishing set-asides where priority biodiversity values are present and will be conserved. At a minimum, avoidance should be considered where there are biodiversity and ecosystem-related values that are in one of the following categories: particularly vulnerable and irreplaceable, of particular concern to stakeholders , or where a cautious approach is warranted due to uncertainty about impact assessment or about the efficacy of management measures. The three main types of avoidance are defined below: (a) avoidance through site selection (Locate the entire project away from areas recognised for important biodiversity values); (b) avoidance through project design (Configure infrastructure to preserve areas at the project site with important biodiversity values); and (c) avoidance through scheduling (Time project activities to account for patterns of species behaviour (e.g., breeding, migration) or ecosystem functions (e.g., river dynamics). AR 20. With regard to key actions , the undertaking may disclose: (a) a list of key stakeholders involved (e.g., competitors, suppliers, retailers, other business partners, affected communities and authorities, government agencies) and how they are involved, mentioning key stakeholders negatively or positively impacted by actions and how they are impacted, including impacts or benefits created for affected communities, smallholders, indigenous peoples or other persons in vulnerable situations; (b) where applicable, an explanation of the need for appropriate consultations and the need to respect the decisions of affected communities; (c) a brief assessment of whether the key actions may induce significant negative sustainability impacts ; (d) an explanation of whether the key action is intended to be a one-time initiative or systematic practice; (e) an explanation of whether the key action plan is carried out only by the undertaking, using the undertaking’s resources, or whether it is part of a wider initiative to which the undertaking significantly contributes. If the key action plan is part of a wider initiative, the undertaking may provide more information on the project, its sponsors and other participants; (f) a description of how it contributes to systemwide change, notably to alter the drivers of biodiversity and ecosystem change, e.g., through technological, economic, institutional, and social factors and changes in underlying values and behaviours; AR 21. In the context of this Disclosure Requirement, “local and indigenous knowledge” refer to  the understandings, skills and philosophies developed by societies with long histories of 17 interaction with their natural surroundings. For rural and indigenous peoples , local knowledge informs decision-making about fundamental aspects of day-to-day life.",ESRS_20E4_20Delegated-act-2023-5303-annex-1_en.pdf,17,18,Disclosure Requirement E4-3 – Actions and resources related to biodiversity and ecosystems
Disclosure_Disclosure_Requirement_E4_4_Targets_related_to_biodiversity_and_ecosystems,Disclosure Requirement E4-4 – Targets related to biodiversity and ecosystems,Disclosure,Disclosure Requirement E4-4 – Targets related to biodiversity and ecosystems,"Disclosure Requirement E4-4 – Targets related to biodiversity and ecosystems AR 22. The undertaking may specify whether the target addresses shortcomings related to the Substantial Contribution criteria for Biodiversity as defined in the delegated acts adopted pursuant to Article 15(2) of Regulation (EU) 2020/852. Where the Do No Significant Harm (DNSH) criteria  for Biodiversity as defined in  delegated acts adopted pursuant to Article 10(3), Article 11(3), Article 12(2), Article 13(2), and Article 14(2) of Regulation (EU) 2020/852 are not met, the undertaking may specify whether the target addresses shortcomings related those DNSH critera. AR 23. When disclosing information required under paragraph 29 for the purpose of setting targets the undertaking shall consider the need for an informed and willing consent of local and indigenous peoples , the need for appropriate consultations and the need to respect the decisions of these communities. AR 24. The targets related to material impacts may be presented in a table as illustrated below: AR 25. The targets related to the potentially material sustainability matters listed in paragraph AR 4 of this Standard, may be presented in a table as illustrated below: (a) size and location of all habitat areas protected or restored, whether directly or indirectly controlled by the undertaking, and whether the success of the restoration measure was or is approved by independent external professionals; (b) recreated surfaces (environments in which management initiatives are implemented so as to create a habitat on a site where it did not exist initially); or (c) number or percentage of projects / sites whose ecological integrity was improved (e.g., installation of fish passes, wildlife corridors). 18",ESRS_20E4_20Delegated-act-2023-5303-annex-1_en.pdf,18,18,Disclosure Requirement E4-4 – Targets related to biodiversity and ecosystems
Disclosure_Disclosure_Requirement_E4_5_Impact_metrics_related_to_biodiversity_and_ecosystems_change,Disclosure Requirement E4-5 – Impact metrics related to biodiversity and ecosystems change,Disclosure,Disclosure Requirement E4-5 – Impact metrics related to biodiversity and ecosystems change,"Disclosure Requirement E4-5 – Impact metrics related to biodiversity and ecosystems change AR 27. When preparing the information required under this Disclosure Requirement, the undertaking shall consider and may describe: (a) the methodologies and metrics used and an explanation for why these methodologies and metrics are selected, as well as their assumptions, limitations and uncertainties, and any changes in methodologies made over time and why they occurred; (b) the scope of the metrics and methodologies, for example: i. undertaking, site , brand, commodity, corporate business unit, activity; ii. aspects (as set out in paragraph AR 4) covered. (c) the biodiversity components of the metrics: species specific, ecosystem specific; (d) the geographies covered by the methodology and an explanation of why any relevant geographies were omitted; (e) how the metrics integrate ecological thresholds (e.g., the biosphere integrity and land-system change, planetary boundaries ) and allocations; (f) the frequency of monitoring, key metrics being monitored, and the baseline condition/value and baseline year/period, as well as the reference period; (g) whether these metrics rely on primary data, secondary data, modelled data or on expert judgement, or a mixture of these; (h) an indication of which action is measured and monitored via the metrics and how they relate to the achievement of targets ; (i) whether metrics are mandatory (required by legislation) or voluntary. If they are mandatory, the undertaking may indicate the relevant legislation; if voluntary, the undertaking may refer to any voluntary standard or procedure used; and (j) whether the metrics are informed by or correspond to expectations or recommendations of relevant and authoritative national, EU-level or intergovernmental guidelines, policies , legislation or agreements, such as the Convention for Biological Diversity (CBD) or IPBES. AR 28. The undertaking shall disclose metrics that are verifiable and that are technically and scientifically robust considering the appropriate time scales geographies, and may disclose how its selected metrics correspond to those criteria. To ensure that the metric is relevant there should be a clear relationship between the indicator and the purpose of the measurement. Uncertainties should be reduced as far as possible. Data or mechanisms used should be supported by well-established organisations and updated over time. Robust modelled data and expert judgment can be used where data gaps exist. The methodology shall be sufficiently detailed to allow for meaningful comparison of impacts and mitigation activities over time. Information gathering processes and definitions must be systematically applied. This enables a meaningful review of the undertaking’s performance over time and helps internal and peer comparison. AR 29. If a metric corresponds to a target, the baseline for both shall be aligned. The biodiversity baseline is an essential component of the larger biodiversity and ecosystems management process. The baseline is necessary to inform impact assessment and management planning, as well as monitoring and adaptive management. AR 30. Methodologies available to collect data and measure the undertakings’ impacts on biodiversity and ecosystems may be separated into three categories as follows: (a) primary data: collected in-situ using on the ground surveys; 19 (b) secondary data: including geospatial data layers that are overlaid with geographic location data of business activities. i. At the species level, data layers on the ranges of different species can be used to predict the species that may be present at different locations. This includes operation sites and sourcing locations. Different range layers will have different levels of accuracy depending on certain factors (e.g., whether species ranges have been refined based on availability of habitat ). Information on the threat status of the species, and the activities that threaten them, can provide an indication of the likely contribution that business activities may be having on driving population trends and threat status. ii. At the ecosystem level, data layers reflecting change in the extent and condition of ecosystems can be applied, including levels of habitat fragmentation and connectivity. (c) modelled biodiversity state data: Model-based approaches are commonly used for measuring ecosystem level indicators (e.g., extent, condition, or function). Models quantify how the magnitude of different pressures affects the state of biodiversity. These are referred to as pressure-state relationships and are based on globally collected data. Modelling results are applied locally to estimate how undertaking level pressures will cause changes in ecosystem condition. An impact driver generally has three main characteristics: magnitude (e.g., amount of contaminant, noise intensity), spatial extent (e.g., area of land contaminated) and temporal extent (duration of persistence of contaminant). AR 31. With regard to life cycle assessment for land-use, the undertaking may refer to the “Land use related environmental indicators for Life Cycle Assessment” by the Joint Research Center. AR 32. With regard to the introduction of invasive alien species, the undertaking may disclose the pathways and number of invasive alien species and the extent of surface covered by invasive alien species. AR 33. With regard to metrics on the extent and condition of ecosystems , useful guidance can be found in the work of the United Nations System of Environmental Economic Accounting Ecosystem Accounting (UN SEEA EA). AR 34. The undertaking may disclose in units of area (e.g., m2 or ha) on land-use using guidance provided by the Eco-Management and Audit Scheme (EMAS) 13 : (a) total use of land; (b) total sealed area; (c) total nature-oriented area on site ; and (d) total nature-oriented area off site. AR 35. The undertaking may disclose, for example, land cover change, which is the physical representation of the drivers “habitat modification” and “industrial and domestic activities”, i.e., the man-made or natural change of the physical properties of the earth’s surface at a specific location. AR 36. Land cover is a typical variable that can be assessed with earth observation data. AR 37. When reporting on material impacts related to the ecosystems , the undertaking may, in addition to the extent and condition of ecosystems, also consider the functioning of ecosystems by using: (a) a metric that measures a process or function that the ecosystem completes, or that reflects the ability of the ecosystem to undertake that specific process or function: e.g. net primary productivity, which is a measure of plant productivity based on the rate at which energy is stored by plants and made available to other species in the ecosystem. It is a core process that occurs for ecosystems to function. It is related to 13 As proposed by Commission Regulation (EU) 2018/ 2026 of 19 December 2018 amending Annex IV to Regulation (EC) No 1221/2009 of the European Parliament and of the Council on the voluntary participation by organisations in a Community ecomanagement and audit scheme (EMAS) (OJ L 325, 20.12.2018, p. 18). 20 many factors, such as species diversity, but does not measure these factors directly; or (b) A metric that measures changes to the population of scientifically identified species under threat. AR 38. At the ecosystem level, data layers reflecting change in the extent and condition of ecosystems may be applied, including levels of habitat fragmentation and connectivity. Disclosure Requirement E4-6 – Anticipated financial effects from material biodiversity and ecosystem-related risks and opportunities AR 39. The undertaking may include an assessment of its related products and services at risk over the short-, medium- and long-term, explaining how these are defined, how financial amounts are estimated, and which critical assumptions are made. AR 40. The quantification of the anticipated financial effects in monetary terms under paragraph 45(a) may be a single amount or a range. 21",ESRS_20E4_20Delegated-act-2023-5303-annex-1_en.pdf,19,21,Disclosure Requirement E4-5 – Impact metrics related to biodiversity and ecosystems change
Framework_ESRS_20E2_20Delegated_act_2023_5303_annex_1_en_pdf,ESRS_20E2_20Delegated-act-2023-5303-annex-1_en,Framework,ESRS,,ESRS_20E2_20Delegated-act-2023-5303-annex-1_en.pdf,,,
Topic_ESRS_E2,ESRS E2 Standard,Topic,ESRS E2,,ESRS_20E2_20Delegated-act-2023-5303-annex-1_en.pdf,1,11,ESRS E2 Standard
Topic_ESRS_E2,ESRS E2 POLLUTION Table of contents,Topic,ESRS E2,,ESRS_20E2_20Delegated-act-2023-5303-annex-1_en.pdf,1,3,ESRS E2 POLLUTION Table of contents
Disclosure_IRO_1_Description_of_the_processes_to_identify_and_assess_material_pollution_related_impacts_risk,"IRO-1 – Description of the processes to identify and assess material pollution-related impacts, risks and opportunities ",Disclosure,"IRO-1 – Description of the processes to identify and assess material pollution-related impacts, risk","IRO-1 – Description of the processes to identify and assess material pollution-related impacts, risks and opportunities o Disclosure Requirement E2-1 – Policies related to pollution o Disclosure Requirement E2-2 – Actions and resources related to pollution Metrics and targets o Disclosure Requirement E2-3 – Targets related to pollution o Disclosure Requirement E2-4 – Pollution of air, water and soil o Disclosure Requirement E2-5 – Substances of concern and substances of very high Requirement E2-1 – Policies related to pollution o Disclosure Requirement E2-2 – Actions and resources related to pollution Metrics and targets o Disclosure Requirement E2-3 – Targets related to pollution o Disclosure Requirement E2-4 – Pollution of air, water and soil o Disclosure Requirement E2-5 – Substances of concern and substances of very high risks and opportunities",ESRS_20E2_20Delegated-act-2023-5303-annex-1_en.pdf,1,3,"IRO-1 – Description of the processes to identify and assess material pollution-related impacts, risks and opportunities "
Requirement_-4285034966896933587,Objective,Requirement,Objective,"1. The objective of this Standard is to specify Disclosure Requirements which will enable users of the sustainability statement to understand: (a) how the undertaking affects pollution of air, water and soil , in terms of material positive and negative actual or potential impacts ; (b) any actions taken, and the result of such actions, to prevent or mitigate actual or potential negative impacts, and to address risks and opportunities ; (c) the plans and capacity of the undertaking to adapt its strategy and business model in line with the transition to a sustainable economy and with the need to prevent, control 1 and eliminate pollution. This is to create a toxic-free environment with zero pollution also in support of the EU Action Plan “Towards a Zero Pollution for Air, Water and Soil”; (d) the nature, type and extent of the undertaking’s material risks and opportunities related to the undertaking’s pollution-related impacts and dependencies , as well as the prevention, control, elimination or reduction of pollution, including where this results from the application of regulations, and how the undertaking manages this; and (e) the financial effects on the undertaking over the short-, medium- and long-term of material risks and opportunities arising from the undertaking’s pollution-related impacts and dependencies. 2. This Standard sets out Disclosure Requirements related to the following sustainability matters : pollution of air, water, soil , substances of concern , including substances of very high concern . 3. “ Pollution of air” refers to the undertaking’s emissions into air (both indoor and outdoor), and prevention, control and reduction of such emissions. 4. “ Pollution of water” refers to the undertaking’s emissions to water, and prevention, control and reduction of such emissions. 5. “ Pollution of soil ” refers to the undertaking’s emissions into soil and the prevention, control and reduction of such emissions. 6. With regard to “ substances of concern ”, this standard covers the undertaking’s production, use and/or distribution and commercialisation of substances of concern, including substances of very high concern . Disclosure Requirements on substances of concern aim at providing users with an understanding of actual or potential impacts related to such substances, also taking account of possible restrictions on their use and/or distribution and commercialisation.",ESRS_20E2_20Delegated-act-2023-5303-annex-1_en.pdf,1,2,Objective
Requirement_2857386441758228502,Interaction with other ESRS,Requirement,Interaction with other ESRS,"7. The topic of pollution is closely connected to other environmental sub-topics such as climate change, water and marine resources , biodiversity and circular economy . Thus, to provide a comprehensive overview of what could be material to pollution, relevant Disclosure Requirements are covered in other environmental Standards as follows: (a) ESRS E1 Climate change which addresses the following seven greenhouse gases connected to air pollution: carbon dioxide (CO2), methane (CH4), nitrous oxide (N2O), hydrofluorocarbons (HFCs), perfluorocarbons (PFCs), sulphur hexafluoride (SF6) and nitrogen trifluoride (NF3). (b) ESRS E3 Water and marine resources which addresses water consumption, in particular in areas at water risk , water recycling and storage. This also includes the responsible management of marine resources, including the nature and quantity of marine resources-related commodities (such as gravels, deep-sea minerals, seafood) used by the undertaking. This Standard covers the negative impacts, in terms of pollution of water and marine resources, including microplastics, generated by such activities. (c) ESRS E4 Biodiversity and ecosystems which addresses ecosystems and species. Pollution as a direct impact driver of biodiversity loss is addressed by this Standard. (d) ESRS E5 Resource use and circular economy which addresses, in particular, the transition away from extraction of non-renewable resources and the implementation of practices that prevent waste generation, including pollution generated by waste. 8. The undertaking’s pollution -related impacts may affect people and communities. Material negative impacts on affected communities from pollution-related impacts attributable to the undertaking are covered in ESRS S3 Affected communities . 2 9. This Standard should be read in conjunction with ESRS 1 General requirements and ESRS 2 General disclosures . Disclosure Requirements",ESRS_20E2_20Delegated-act-2023-5303-annex-1_en.pdf,2,3,Interaction with other ESRS
Topic_ESRS_2,ESRS 2 General disclosures,Topic,ESRS 2,"10. The requirements of this section should be read in conjunction with and reported alongside  the disclosures required by ESRS 2 chapter 4 Impact, risk and opportunity management . Impact, risk and opportunity management",ESRS_20E2_20Delegated-act-2023-5303-annex-1_en.pdf,3,7,ESRS 2 General disclosures
Disclosure_Disclosure_Requirement_related_to_ESRS_2_IRO_1_Description_of_the_processes_to_identify_and_assess,Disclosure Requirement related to ESRS 2 IRO-1 – Description of the processes to identify and assess material pollution-,Disclosure,Disclosure Requirement related to ESRS 2 IRO-1 – Description of the processes to identify and assess,"Disclosure Requirement related to ESRS 2 IRO-1 – Description of the processes to identify and assess material pollution-related impacts, risks and opportunities 11. The undertaking shall describe the process to identify material impacts, risks and opportunities and shall provide information on: (a) whether the undertaking has screened its site locations and business activities in order to identify its actual and potential pollution -related impacts, risks and opportunities in its own operations and upstream and downstream value chain , and if so, the methodologies, assumptions and tools used in the screening; (b) whether and how the undertaking has conducted consultations, in particular with affected communities. Disclosure Requirement E2-1 – Policies related to pollution 12. The undertaking shall describe its policies adopted to manage its material impacts, risks and opportunities related to pollution prevention and control. 13. The objective of this Disclosure Requirement is to enable an understanding of the extent to which the undertaking has policies that address the identification, assessment, management and/or remediation of material pollution-related impacts, risks and opportunities. 14. The disclosure required by paragraph 12 shall contain the information on the policies the undertaking has in place to manage its material impacts, risks and opportunities related to pollution in accordance with ESRS 2 MDR-P Policies adopted to manage material sustainability matters . 15. The undertaking shall indicate, with regard to its own operations and its upstream and donwstream value chain , whether and how its policies address the following areas where material: (a) mitigating negative impacts related to pollution of air, water and soil including prevention and control; (b) substituting and minimising the use of substances of concern , and phasing out substances of very high concern , in particular for non-essential societal use and in consumer products; and (c) avoiding incidents and emergency situations, and if and when they occur, controlling and limiting their impact on people and the environment. Disclosure Requirement E2-2 – Actions and resources related to pollution 3 16. The undertaking shall disclose its pollution-related actions and the resources  allocated to their implementation. 17. The objective of this Disclosure Requirement is to enable an understanding of the key actions taken and planned to achieve the pollution -related policy objectives and targets . 18. The description of the pollution-related action plans and resources shall contain the information prescribed in ESRS 2 MDR-A Actions and resources in relation to material sustainability matters. 19. In addition to ESRS 2 MDR-A, the undertaking may specify to which layer in the following mitigation hierarchy an action and resources can be allocated: (a) avoid pollution including any phase out of materials or compounds that have a negative impact (prevention of pollution at source); (b) reduce pollution, including: any phase-out of materials or compounds; meeting enforcement requirements such as Best Available Techniques (BAT) requirements; or meeting the Do No Significant Harm criteria for pollution prevention and control according to the EU Taxonomy Regulation and its Delegated Acts (minimisation of pollution); and (c) restore, regenerate and transform ecosystems where pollution has occurred (control of the impacts both from regular activities and incidents ). Metrics and targets",ESRS_20E2_20Delegated-act-2023-5303-annex-1_en.pdf,3,4,Disclosure Requirement related to ESRS 2 IRO-1 – Description of the processes to identify and assess material pollution-
Disclosure_Disclosure_Requirement_E2_3_Targets_related_to_pollution,Disclosure Requirement E2-3 – Targets related to pollution,Disclosure,Disclosure Requirement E2-3 – Targets related to pollution,"Disclosure Requirement E2-3 – Targets related to pollution 20. The undertaking shall disclose the pollution-related targets it has set. 21. The objective of this Disclosure Requirement is to enable an understanding of the targets the undertaking has set to support its pollution -related policies and to address its material pollution-related impacts, risks and opportunities . 22. The description of targets shall contain the information requirements defined in ESRS 2 MDR- T Tracking effectiveness of policies and actions through targets . 23. The disclosure required by paragraph 20 shall indicate whether and how its targets relate  to the prevention and control of: (a) air pollutants and respective specific loads ; (b) emissions to water and respective specific loads; (c) pollution to soil and respective specific loads; and (d) substances of concern and substances of very high concern . 24. In addition to ESRS 2 MDR-T, the undertaking may specify whether ecological thresholds (e.g., the biosphere integrity , stratospheric ozone-depletion, atmospheric aerosol loading, soil depletion, ocean acidification) and entity-specific allocations were taken into consideration when setting targets. If so, the undertaking may specify: (a) the ecological thresholds identified, and the methodology used to identify such thresholds; (b) whether or not the thresholds are entity-specific and if so, how they were determined; and (c) how responsibility for respecting identified ecological thresholds is allocated in the undertaking. 25. The undertaking shall specify as part of the contextual information, whether the targets that it has set and presented are mandatory (required by legislation) or voluntary. 4",ESRS_20E2_20Delegated-act-2023-5303-annex-1_en.pdf,4,4,Disclosure Requirement E2-3 – Targets related to pollution
Disclosure_Disclosure_Requirement_E2_4_Pollution_of_air_water_and_soil,"Disclosure Requirement E2-4 – Pollution of air, water and soil",Disclosure,"Disclosure Requirement E2-4 – Pollution of air, water and soil","Disclosure Requirement E2-4 – Pollution of air, water and soil 26. The undertaking shall disclose the pollutants that it emits through its own operations, as well as the microplastics it generates or uses. 27. The objective of this Disclosure Requirement is to provide an understanding of the emissions that the undertaking generates to air, water and soil in its own operations, and of its generation and use of microplastics. 28. The undertaking shall disclose the amounts of: (a) each pollutant listed in Annex II of Regulation (EC) No 166/2006 of the European Parliament and of the Council 1 (European Pollutant Release and Transfer Register “EPRTR Regulation”)emitted to air, water and soil, with the exception of emissions of GHGs which are disclosed in accordance with ESRS E1 Climate Change 2 ; (b) microplastics generated or used by the undertaking. 29. The amounts referred in paragraph 28 shall be consolidated amounts including the emissions from those facilities over which the undertaking has financial control and those over which it has operational control. The consolidation shall include only the emissions from facilities for which the applicable threshold value specified in Annex II of Regulation (EC) No 166/2006 is exceeded. 30. The undertaking shall put its disclosure into context and describe: (a) the changes over time, (b) the measurement methodologies; and (c) the process(es) to collect data for pollution -related accounting and reporting, including the type of data needed and the information sources. 31. When an inferior methodology compared to direct measurement of emissions is chosen to quantify emissions, the reasons for choosing this inferior methodology shall be outlined by  the undertaking. If the undertaking uses estimates, it shall disclose the standard, sectoral  study or sources which form the basis of its estimates, as well as the possible degree of uncertainty and the range of estimates reflecting the measurement uncertainty. Disclosure Requirement E2-5 – Substances of concern and substances of very high concern 32. The undertaking shall disclose information on the production, use, distribution, commercialisation and import/export of substances of concern and substances of very high concern, on their own, in mixtures or in articles. 33. The objective of this Disclosure Requirement is to enable an understanding of the impact of the undertaking on health and the environment through substances of concern and through substances of very high concern on their own. It is also to enable an understanding of the undertaking’s material risks and opportunities , including exposure to those substances and risks arising from changes in regulations. 34. The disclosure required by paragraph 32 shall include the total amounts of substances of concern that are generated or used during the production or that are procured, and the total 1 Regulation (EC) No 166/2006 of the European Parliament and of the Council of 18 January 2006 concerning the establishment of a European Pollutant Release and Transfer Register and amending Council Directives 91/689/EEC and 96/61/EC (OJ L 033 4.2.2006, p. 1) 2 This information supports the information needs of financial market participants subject to Regulation (EU) 2019/2088 because it is derived from: (a) an additional indicator related to principal adverse impacts as set out by indicator #2 in Table II of Annex I of Commission Delegated Regulation (EU) 2022/1288 with regard to disclosure rules on sustainable investments (“Emissions of air pollutants”); (b) indicator #8 in Table I of Annex I (“Emissions to water); (c) indicator #1 in Table II of Annex I ( “Emissions of inorganic pollutants”); and (d) indicator #3 in Table II of Annex I (“Emissions of ozone- depleting substances”) . 5 amounts of substances of concern that leave its facilities as emissions, as products, or as part of products or services split into main hazard classes of substances of concern. 35. The undertaking shall present separately the information for substances of very high concern. Disclosure Requirement E2-6 – Anticipated financial effects from material pollution- related  risks and opportunities 36. The undertaking shall disclose the anticipated financial effects of material pollution related risks and opportunities. 37. The information required by paragraph 36 is in addition to the information on current financial effects on the undertaking’s, financial position, financial performance and cash flows for the reporting period required under ESRS 2 SBM-3 para 48 (d). 38. The objective of this Disclosure Requirement is to provide an understanding of: (a) anticipated financial effects due to material risks arising from pollution -related impacts and dependencies and how these risks have (or could reasonably be expected to have) a material influence on the undertaking’s , financial position financial performance and cash flows, over the short-, medium- and long-term. (b) anticipated financial effects due to material opportunities related to pollution prevention and control. 39. The disclosure shall include: (a) a quantification of the anticipated financial effects in monetary terms before considering pollution-related actions, or where not possible without undue cost or effort, qualitative information. For financial effects arising from opportunities , a quantification is not required if it would result in disclosure that does not meet the qualitative characteristics of information (see ESRS 1 Appendix B Qualitative characteristics of information ); (b) a description of the effects considered, the related impacts and the time horizons in which they are likely to materialise; and (c) the critical assumptions used to quantify the anticipated financial effects , as well as the sources and level of uncertainty of those assumptions. 40. The information provided under paragraph 38(a) shall include: (a) the share of net revenue made with products and services that are or that contain substances of concern , and the share of net revenue made with products and services that are or that contain substances of very high concern ; (b) the operating and capital expenditures incurred in the reporting period in conjunction with major incidents and deposits ; (c) the provisions for environmental protection and remediation costs, e.g., for rehabilitating contaminated sites , recultivating landfills, removal of environmental contamination at existing production or storage sites and similar measures. 41. The undertaking shall disclose any relevant contextual information including a description of material incidents and deposits whereby pollution had negative impacts on the environment and/or is expected to have negative effects on the undertaking’s financial cash flows, financial position and financial performance with short-, medium- and long-term time horizons. 6 This Appendix is an integral part of ESRS E2. It supports the application of the disclosure  requirements set out in this standard and has the same authority as the other parts of the Standard.",ESRS_20E2_20Delegated-act-2023-5303-annex-1_en.pdf,5,7,"Disclosure Requirement E2-4 – Pollution of air, water and soil"
Topic_ESRS_2,ESRS 2 General disclosures,Topic,ESRS 2,,ESRS_20E2_20Delegated-act-2023-5303-annex-1_en.pdf,7,11,ESRS 2 General disclosures
Disclosure_Disclosure_Requirement_related_to_ESRS_2_IRO_1_Description_of_the_processes_to_identify_and_assess,Disclosure Requirement related to ESRS 2 IRO-1 – Description of the processes to identify and assess material pollution-,Disclosure,Disclosure Requirement related to ESRS 2 IRO-1 – Description of the processes to identify and assess,"Disclosure Requirement related to ESRS 2 IRO-1 – Description of the processes to identify and assess material pollution-related impacts, risks and opportunities AR 1.  When conducting a materiality assessment on environmental subtopics, the undertaking shall assess the materiality of pollution in its own operations and its upstream and downstream value chain , and may consider the four phases below, also known as the LEAP approach: (a) Phase 1: locate where in its own operations and its upstream and downstream value chain the interface with nature takes place; (b) Phase 2: evaluate the pollution -related dependencies and impacts; (c) Phase 3: assess the material risks and opportunities ; and (d) Phase 4: prepare and report the results of the materiality assessment. AR 2.  The materiality assessment for ESRS E2 corresponds to the first three phases of this LEAP approach. The fourth phase addresses the outcome of the process. AR 3.  The process to assess the materiality of impacts , dependencies , risks and opportunities shall consider the provisions in ESRS 2 IRO-1 Description of the processes to identify and assess material impacts, risks and opportunities , and IRO-2 Disclosure Requirements in ESRS covered by the undertaking’s sustainability statement . AR 4.  The sub-topics covered by the materiality assessment under ESRS E2 include: (a) pollution of air, water and soil (excluding GHG emissions and waste ), microplastics, and substances of concern ; (b) dependencies on ecosystem services that help to mitigate pollution-related impacts. AR 5.  In Phase 1, to locate where in its own operations and its upstream and downstream value chain the interface with nature takes place, the undertaking may consider: (a) the site locations of direct assets and operations and related upstream and downstream activities across the value chain; (b) the site locations where emissions of water, soil and air pollutants occur; and (c) the sectors or business units related to those emissions or to the production, use, distribution, commercialisation and import/export of microplastics, substances of concern , and substances of very high concern , on their own, in mixtures or in articles. AR 6.  Phase 2 relates to the evaluation of the undertaking’s impacts and dependencies for each material site or sector/business unit including by assessing the severity and likelihood of impacts on the environment and human health. AR 7.  In Phase 3, to assess its material risks and opportunities based on the results of Phases 1 and 2, the undertaking may : 7 (a) identify transition risks and opportunities in its own operations and its upstream and downstream value chain by the categories of: i. policy and legal: e.g., introduction of regulation, exposure to sanctions and litigation (e.g., negligence towards ecosystems ), enhanced reporting   obligations; ii. technology: e.g., substitution of products or services by products or services with a lower impact, transition away from substances of concern; iii. market: e.g., shifting supply, demand and financing, volatility or increased costs of some substances; and iv. reputation: e.g., changing societal, customer or community perceptions as a result of an organisation’s role in pollution prevention and control; (b) identify physical risks, e.g., sudden interruption of access to clean water, acid rain, or other pollution incidents that are likely to lead to or that have led to pollution with subsequent effects on the environment and society; (c) identify opportunities related to pollution prevention and control categorised by: i. resource efficiency: decrease quantities of substances used or improve efficiency of production process to minimise impacts; ii. markets: e.g., diversification of business activities; iii. financing: e.g., access to green funds, bonds or loans; iv. resilience: e.g., diversification of substances used and control of emissions through innovation or technology; and v. reputation: positive stakeholder relations as a result of a proactive stance on managing risks. AR 8.  In order to assess materiality , the undertaking may consider Commission Recommendation (EU) 2021/2279 on the use of the Environmental Footprint methods to measure and communicate the life cycle environmental performance of products and organisations. AR 9.  When providing information on the outcome of its materiality assessment, the undertaking shall consider: (a) a list of site locations where pollution is a material issue for the undertaking’s own operations and its upstream and downstream value chain; and (b) a list of business activities associated with pollution material impacts, risks and opportunities. Disclosure Requirement E2-1 – Policies related to pollution AR 10. The policies described under this Disclosure Requirement may be integrated in broader environmental or sustainability policies covering different subtopics. AR 11. The description of the policies shall include information on the pollutant(s) or substance(s) covered. AR 12. When disclosing information under paragraph 11, the undertaking may include contextual information on the relations between its policies implemented and how they may contribute to the EU Action Plan “Towards a Zero Pollution for Air, Water and Soil” with for instance elements on: (a) how it is or may be affected by the targets and measures of the EU Action Plan  and the revision of existing directives (e.g., the Industrial Emissions Directive); (b) how it intends to reduce its pollution footprint to contribute to these targets. 8",ESRS_20E2_20Delegated-act-2023-5303-annex-1_en.pdf,7,8,Disclosure Requirement related to ESRS 2 IRO-1 – Description of the processes to identify and assess material pollution-
Disclosure_Disclosure_Requirement_E2_2_Actions_and_resources_related_to_pollution,Disclosure Requirement E2-2 – Actions and resources related to pollution,Disclosure,Disclosure Requirement E2-2 – Actions and resources related to pollution,"Disclosure Requirement E2-2 – Actions and resources related to pollution AR 13. Where actions extend to upstream or downstream value chain engagements, the undertaking shall provide information on the types of actions reflecting these engagements. AR 14. When considering resources, examples of operational expenditures could be investments in research and development to innovate and develop safe and sustainable alternatives to the use of substances of concern or to decrease emissions in a production  process. AR 15. Where relevant to achieve its pollution -related policy objectives and targets , the undertaking may provide information on site -level action plans. Metrics and targets",ESRS_20E2_20Delegated-act-2023-5303-annex-1_en.pdf,9,9,Disclosure Requirement E2-2 – Actions and resources related to pollution
Disclosure_Disclosure_Requirement_E2_3_Targets_related_to_pollution,Disclosure Requirement E2-3 – Targets related to pollution,Disclosure,Disclosure Requirement E2-3 – Targets related to pollution,"Disclosure Requirement E2-3 – Targets related to pollution AR 16. If the undertaking refers to ecological thresholds when setting targets , it may refer to the guidance provided by the Science-Based Targets Initiative for Nature (SBTN) in its interim guidance (Initial Guidance for Business, September 2020), or any other guidance with a scientifically acknowledged methodology that allows setting of science-based targets by identifying ecological thresholds and, if applicable, entity-specific allocations. Ecological thresholds can be local, national and/or global. AR 17. The undertaking may specify whether the target addresses shortcomings related to the Substantial Contribution criteria for Pollution Prevention and Control as defined in delegated acts adopted pursuant to Article 14(2) of Regulation (EU) 2020/852. Where the Do No Significant Harm (DNSH) criteria for Pollution Prevention and Control as defined in delegated acts adopted pursuant to Article 10(3), Article 11(3), Article 12(2), Article 13(2), and Article 15(2) of Regulation (EU) 2020/852 are not met, the undertaking may specify whether the target addresses shortcomings related those DNSH criteria. AR 18. Where relevant to support the policies it has adopted, the undertaking may provide information on the targets set at site level. AR 19. The targets may cover the undertaking’s own operations and/or the value chain.",ESRS_20E2_20Delegated-act-2023-5303-annex-1_en.pdf,9,9,Disclosure Requirement E2-3 – Targets related to pollution
Disclosure_Disclosure_Requirement_E2_4_Pollution_of_air_water_and_soil,"Disclosure Requirement E2-4 – Pollution of air, water and soil",Disclosure,"Disclosure Requirement E2-4 – Pollution of air, water and soil","Disclosure Requirement E2-4 – Pollution of air, water and soil AR 20. The information to be provided on microplastics under paragraph 28(b) shall include microplastics that have been generated or used during production processes or that are procured, and that leave the undertaking’s facilities as emissions, as products, or as part of products or services. Microplastics may be unintentionally produced when larger pieces of plastics like car tires or synthetic textiles wear and tear or may be deliberately manufactured and  added to products for specific purposes (e.g., exfoliating beads in facial or body scrubs). AR 21. The volume of pollutants shall be presented in appropriate mass units, for example tonnes or kilogrammes. AR 22. The information required under this Disclosure Requirement shall be provided at the level of the reporting undertaking. However, the undertaking may disclose additional breakdown including information at site level or a breakdown of its emissions by type of source, by sector or by geographical area. AR 23. When providing contextual information on the emissions, the undertaking may consider: 9 (a) the local air quality indices (AQI) for the area where the undertaking’s air pollution occurs; (b) the degree of urbanisation (DEGURBA) 3 for the area where air pollution occurs; and (c) the undertaking’s percentage of the total emissions of pollutants to water and soil occurring  in areas at water risk, including areas of high-water stress. AR 24. The information provided under this Disclosure Requirement may refer to information the undertaking is already required to report under other existing legislation (i.e., IED, E- PRTR, etc.). AR 25. Where the undertaking’s activities are subject to Directive 2010/75/EU of the European Parliament and of the Council on industrial emissions (IED) 4 and relevant Best Available Techniques Reference Documents ( BREF s ), irrespective of whether the activity takes place within the European Union or not, the undertaking may disclose the following additional information: (a) a list of installations operated by the undertaking that fall under the IED and EU- BAT Conclusions ; (b) a list of any non-compliance incidents or enforcement actions necessary to ensure compliance in case of breaches of permit conditions; (c) the actual performance, as specified in the EU- BAT conclusions for industrial installations, and comparison of the undertaking’s environmental performance against “emission levels associated with the best available techniques” the (BATAEL) as described in EU-BAT conclusions; (d) the actual performance of the undertaking against “environmental performance levels associated with the best available techniques ” (BAT-AEPLs) provided that they are applicable to the sector and installation ; and (e) a list of any compliance schedules or derogations granted by competent authorities according to Art. 15(4) Directive 2010/75/EU  that are associated with the implementation of BAT-AELs . AR 26. When providing information on pollutants , the undertaking shall consider approaches for quantification in the following order of priority: (a) direct measurement of emissions, effluents or other pollution through the use of recognised continuous monitoring systems (e.g., AMS Automated Measuring Systems); (b) periodic measurements; (c) calculation based on site -specific data; (d) calculation based on published pollution factors; and (e) estimation. AR 27. Regarding the disclosure of methodologies required by paragraph 30, the undertaking shall consider: (a) whether its monitoring is carried out in accordance with EU BREF Standards or another relevant reference benchmark; and 3 According to Eurostat, the Degree of urbanisation (DEGURBA) is a classification that indicates the character of an area. Based on the share of local population living in urban clusters and in urban centres, it classifies Local Administrative Units (LAU or communes) into three types of area: i) Cities (densely populated areas), ii) Towns and suburbs (intermediate density areas), and iii) Rural areas (thinly populated areas). 4 Directive 2010/75/EU of the European Parliament and of the Council of 24 November 2010 on industrial emissions (integrated pollution prevention and control) (OJ L 334, 17.12.2010, p. 17). 10 (b) whether and how the calibration tests of the AMS were undertaken and the verification of periodic measurement by independent labs were ensured. Disclosure Requirement E2-5 – Substances of concern and substances of very high concern AR 28. In order for the information to be complete, substances in the undertaking’s own operations and those procured shall be included (e.g., embedded in ingredients, semi- finished products, or the final product). AR 29. The volume of pollutants shall be presented in mass units, for example tonnes or kilogrammes or other mass units appropriate for the volumes and type of pollutants being released. AR 30. The information provided under this Disclosure Requirement may refer to information the undertaking is already required to report under other existing legislation (i.e., Directive 2010/75/EU, Regulation (EC) No 166/2006 “E-PRTR”, etc.). Disclosure Requirement E2-6 – Anticipated financial effects from material pollution- related  risks and opportunities AR 31. The operating and capital expenditures related to incidents and deposits may include for instance: (a) cost for eliminating and remediating the respective pollution of air, water and soil including environmental protection; (b) damage compensation costs including payment of fines and penalties imposed by regulators or government authorities. AR 32. Incidents may include for instance interruptions of production, whether arising from the supply chain and/or from own operations, which resulted in pollution . AR 33. The undertaking may include an assessment of its related products and services at risk over the short-, medium- and long-term, explaining how these are defined, how financial amounts are estimated, and which critical assumptions are made. AR 34. The quantification of the anticipated financial effects in monetary terms under paragraph 38(a) may be a single amount or a range. 11",ESRS_20E2_20Delegated-act-2023-5303-annex-1_en.pdf,9,11,"Disclosure Requirement E2-4 – Pollution of air, water and soil"
Framework_Business_responsibility_and_sustainability_reporting_by_listed_entitiesAnnexure1_p_pdf,Business Responsibility and Sustainability Report,Framework,BRSR,,Business responsibility and sustainability reporting by listed entitiesAnnexure1_p.pdf,,,
Topic_C,SECTION A: GENERAL DISCLOSURES,Topic,C,"I. Details of the listed entity 1. Corporate Identity Number (CIN) of the Listed Entity 2. Name of the Listed Entity 3. Year of incorporation 4. Registered office address 5. Corporate address 6. E-mail 7. Telephone 8. Website 9. Financial year for which reporting is being done 10. Name of the Stock Exchange(s) where shares are listed 11. Paid-up Capital 12. Name and contact details (telephone, email address) of the person who may be contacted in case of any queries on the BRSR report 13. Reporting boundary - Are the disclosures under this report made on a standalone basis (i.e. only for the entity) or on a consolidated basis (i.e. for the entity and all the entities which form a part of its consolidated financial statements, taken together). III. Operations 16. Number of locations where plants and/or operations/offices of the entity are situated: Location Number of plants Number of offices Total",Business responsibility and sustainability reporting by listed entitiesAnnexure1_p.pdf,1,5,SECTION A: GENERAL DISCLOSURES
Disclosure_Q17_-6297199054481257230,17. Markets served by the entity: a. Number of locations,Disclosure,Q17,17. Markets served by the entity: a. Number of locations Locations Number b. What is the contribution of exports as a percentage of the total turnover of the entity? c. A brief on types of customers,Business responsibility and sustainability reporting by listed entitiesAnnexure1_p.pdf,2,2,17. Markets served by the entity: a. Number of locations
Disclosure_Q18_-176298124201793786,18. Details as at the end of Financial Year: a. Employees and workers (including differently abled):,Disclosure,Q18,18. Details as at the end of Financial Year: a. Employees and workers (including differently abled):,Business responsibility and sustainability reporting by listed entitiesAnnexure1_p.pdf,2,2,18. Details as at the end of Financial Year: a. Employees and workers (including differently abled):
Disclosure_S_945782453872657018,S.,Disclosure,S.,S.,Business responsibility and sustainability reporting by listed entitiesAnnexure1_p.pdf,2,2,S.
Disclosure_S_945782453872657018,S.,Disclosure,S.,S.,Business responsibility and sustainability reporting by listed entitiesAnnexure1_p.pdf,3,3,S.
Disclosure_Q19_1378423268773647744,19. Participation/Inclusion/Representation of women,Disclosure,Q19,19. Participation/Inclusion/Representation of women (Disclose trends for the past 3 years),Business responsibility and sustainability reporting by listed entitiesAnnexure1_p.pdf,3,4,19. Participation/Inclusion/Representation of women
Disclosure_Q22_-6849089121929753382,"22. (i) Whether CSR is applicable as per section 135 of Companies Act, 2013: (Yes/No) (ii) Turnover (in Rs.) (iii) Net w",Disclosure,Q22,"22. (i) Whether CSR is applicable as per section 135 of Companies Act, 2013: (Yes/No) (ii) Turnover (in Rs.) (iii) Net worth (in Rs.)",Business responsibility and sustainability reporting by listed entitiesAnnexure1_p.pdf,4,4,"22. (i) Whether CSR is applicable as per section 135 of Companies Act, 2013: (Yes/No) (ii) Turnover (in Rs.) (iii) Net w"
Disclosure_Q23_-6115681057730055166,23. Complaints/Grievances on any of the principles (Principles 1 to 9) under the National Guidelines on Responsible Busi,Disclosure,Q23,23. Complaints/Grievances on any of the principles (Principles 1 to 9) under the National Guidelines on Responsible Business Conduct: Stakeholder,Business responsibility and sustainability reporting by listed entitiesAnnexure1_p.pdf,4,5,23. Complaints/Grievances on any of the principles (Principles 1 to 9) under the National Guidelines on Responsible Busi
Disclosure_Q24_2434095512212408412,24. Overview of the entity’s material responsible business conduct issues,Disclosure,Q24,"24. Overview of the entity’s material responsible business conduct issues Please indicate material responsible business conduct and sustainability issues pertaining to environmental and social matters that present a risk or an opportunity to your business, rationale for identifying the same, approach to adapt or mitigate the risk along-with its financial implications, as per the following format",Business responsibility and sustainability reporting by listed entitiesAnnexure1_p.pdf,5,5,24. Overview of the entity’s material responsible business conduct issues
Topic_C,SECTION B: MANAGEMENT AND PROCESS DISCLOSURES,Topic,C,"This section is aimed at helping businesses demonstrate the structures, policies and processes put in place towards adopting the NGRBC Principles and Core Elements.",Business responsibility and sustainability reporting by listed entitiesAnnexure1_p.pdf,6,7,SECTION B: MANAGEMENT AND PROCESS DISCLOSURES
Disclosure_Q12_5915260146687109247,"12. If answer to question (1) above is “No” i.e. not all Principles are covered by a policy,",Disclosure,Q12,"12. If answer to question (1) above is “No” i.e. not all Principles are covered by a policy, reasons to be stated:",Business responsibility and sustainability reporting by listed entitiesAnnexure1_p.pdf,7,7,"12. If answer to question (1) above is “No” i.e. not all Principles are covered by a policy,"
Topic_C,SECTION C: PRINCIPLE WISE PERFORMANCE DISCLOSURE,Topic,C,,Business responsibility and sustainability reporting by listed entitiesAnnexure1_p.pdf,8,35,SECTION C: PRINCIPLE WISE PERFORMANCE DISCLOSURE
Topic_Principle_Principle2,Principle2,Topic,2,PRINCIPLE 2 Businesses should provide goods and services in a manner that is sustainable and safe,Business responsibility and sustainability reporting by listed entitiesAnnexure1_p.pdf,11,12,Principle2
Disclosure_Q1_-2392206664169806609,1. Percentage of R&D and capital expenditure (capex) investments in specific technologies,Disclosure,Q1,"1. Percentage of R&D and capital expenditure (capex) investments in specific technologies to improve the environmental and social impacts of product and processes to total R&D and capex investments made by the entity, respectively.",Business responsibility and sustainability reporting by listed entitiesAnnexure1_p.pdf,11,11,1. Percentage of R&D and capital expenditure (capex) investments in specific technologies
Disclosure_Q2_993553119648207625,2. a. Does the entity have procedures in place for sustainable sourcing? (Yes/No),Disclosure,Q2,"2. a. Does the entity have procedures in place for sustainable sourcing? (Yes/No) b. If yes, what percentage of inputs were sourced sustainably? 3. Describe the processes in place to safely reclaim your products for reusing, recycling and disposing at the end of life, for (a) Plastics (including packaging) (b) E-waste (c) Hazardous waste and (d) other waste. 4. Whether Extended Producer Responsibility (EPR) is applicable to the entity’s activities (Yes / No). If yes, whether the waste collection plan is in line with the Extended Producer Responsibility (EPR) plan submitted to Pollution Control Boards? If not, provide steps taken to address the same.",Business responsibility and sustainability reporting by listed entitiesAnnexure1_p.pdf,11,11,2. a. Does the entity have procedures in place for sustainable sourcing? (Yes/No)
Disclosure_Q1_5400472672846956316,1. Has the entity conducted Life Cycle Perspective / Assessments (LCA) for any of its,Disclosure,Q1,"1. Has the entity conducted Life Cycle Perspective / Assessments (LCA) for any of its products (for manufacturing industry) or for its services (for service industry)? If yes, provide details in the following format? NIC Code",Business responsibility and sustainability reporting by listed entitiesAnnexure1_p.pdf,11,11,1. Has the entity conducted Life Cycle Perspective / Assessments (LCA) for any of its
Disclosure_Q2_-7654028964798056060,2. If there are any significant social or environmental concerns and/or risks arising from,Disclosure,Q2,"2. If there are any significant social or environmental concerns and/or risks arising from production or disposal of your products / services, as identified in the Life Cycle Perspective / Assessments (LCA) or through any other means, briefly describe the same along-with action taken to mitigate the same.",Business responsibility and sustainability reporting by listed entitiesAnnexure1_p.pdf,12,12,2. If there are any significant social or environmental concerns and/or risks arising from
Disclosure_Q3_-3265357679037348778,3. Percentage of recycled or reused input material to total material (by value) used in,Disclosure,Q3,3. Percentage of recycled or reused input material to total material (by value) used in production (for manufacturing industry) or providing services (for service industry).,Business responsibility and sustainability reporting by listed entitiesAnnexure1_p.pdf,12,12,3. Percentage of recycled or reused input material to total material (by value) used in
Disclosure_Q4_-3944139177791917493,"4. Of the products and packaging reclaimed at end of life of products, amount (in metric",Disclosure,Q4,"4. Of the products and packaging reclaimed at end of life of products, amount (in metric tonnes) reused, recycled, and safely disposed, as per the following format:",Business responsibility and sustainability reporting by listed entitiesAnnexure1_p.pdf,12,12,"4. Of the products and packaging reclaimed at end of life of products, amount (in metric"
Disclosure_Q5_2353254417785166082,5. Reclaimed products and their packaging materials (as percentage of products sold) for,Disclosure,Q5,5. Reclaimed products and their packaging materials (as percentage of products sold) for each product category.,Business responsibility and sustainability reporting by listed entitiesAnnexure1_p.pdf,12,12,5. Reclaimed products and their packaging materials (as percentage of products sold) for
Topic_Principle_Principle3,Principle3,Topic,3,"PRINCIPLE 3 Businesses should respect and promote the well-being of all employees, including those in their value chains",Business responsibility and sustainability reporting by listed entitiesAnnexure1_p.pdf,13,17,Principle3
Disclosure_Q3_2807243233294776226,3. Accessibility of workplaces,Disclosure,Q3,"3. Accessibility of workplaces Are the premises / offices of the entity accessible to differently abled employees and workers, as per the requirements of the Rights of Persons with Disabilities Act, 2016? If not, whether any steps are being taken by the entity in this regard.",Business responsibility and sustainability reporting by listed entitiesAnnexure1_p.pdf,14,14,3. Accessibility of workplaces
Disclosure_Q4_-3123861077020305546,4. Does the entity have an equal opportunity policy as per the Rights of Persons with,Disclosure,Q4,"4. Does the entity have an equal opportunity policy as per the Rights of Persons with Disabilities Act, 2016? If so, provide a web-link to the policy. 5. Return to work and Retention rates of permanent employees and workers that took parental leave.",Business responsibility and sustainability reporting by listed entitiesAnnexure1_p.pdf,14,14,4. Does the entity have an equal opportunity policy as per the Rights of Persons with
Disclosure_Q6_3907764899961729686,6. Is there a mechanism available to receive and redress grievances for the following,Disclosure,Q6,6. Is there a mechanism available to receive and redress grievances for the following listed entity: Category FY _____,Business responsibility and sustainability reporting by listed entitiesAnnexure1_p.pdf,14,15,6. Is there a mechanism available to receive and redress grievances for the following
Disclosure_Q10_4161507832348123442,10. Health and safety management system:,Disclosure,Q10,"10. Health and safety management system: a. Whether an occupational health and safety management system has been implemented by the entity? (Yes/ No). If yes, the coverage such system? b. What are the processes used to identify work-related hazards and assess risks on a routine and non-routine basis by the entity? c. Whether you have processes for workers to report the work related hazards and to remove themselves from such risks. (Y/N) and healthcare services? (Yes/ No) 11. Details of safety related incidents, in the following format:",Business responsibility and sustainability reporting by listed entitiesAnnexure1_p.pdf,15,16,10. Health and safety management system:
Disclosure_Q12_-2249747808568790235,12. Describe the measures taken by the entity to ensure a safe and healthy work place.,Disclosure,Q12,12. Describe the measures taken by the entity to ensure a safe and healthy work place.,Business responsibility and sustainability reporting by listed entitiesAnnexure1_p.pdf,16,16,12. Describe the measures taken by the entity to ensure a safe and healthy work place.
Disclosure_Q14_-7926207826839177328,14. Assessments for the year:,Disclosure,Q14,14. Assessments for the year: incidents (if any) and on significant risks / concerns arising from assessments of health & safety practices and working conditions.,Business responsibility and sustainability reporting by listed entitiesAnnexure1_p.pdf,16,16,14. Assessments for the year:
Disclosure_Q4_-6760028629458676025,4. Does the entity provide transition assistance programs to facilitate continued,Disclosure,Q4,4. Does the entity provide transition assistance programs to facilitate continued employability and the management of career endings resulting from retirement or termination of employment? (Yes/ No) 5. Details on assessment of value chain partners: concerns arising from assessments of health and safety practices and working conditions of value chain partners.,Business responsibility and sustainability reporting by listed entitiesAnnexure1_p.pdf,17,17,4. Does the entity provide transition assistance programs to facilitate continued
Topic_Principle_Principle4,Principle4,Topic,4,PRINCIPLE 4: Businesses should respect the interests of and be responsive to all its stakeholders,Business responsibility and sustainability reporting by listed entitiesAnnexure1_p.pdf,18,18,Principle4
Disclosure_Q1_991886090062196846,1. Describe the processes for identifying key stakeholder groups of the entity.,Disclosure,Q1,1. Describe the processes for identifying key stakeholder groups of the entity.,Business responsibility and sustainability reporting by listed entitiesAnnexure1_p.pdf,18,18,1. Describe the processes for identifying key stakeholder groups of the entity.
Disclosure_Q2_1920508722239472189,2. List stakeholder groups identified as key for your entity and the frequency of,Disclosure,Q2,2. List stakeholder groups identified as key for your entity and the frequency of engagement with each stakeholder group.,Business responsibility and sustainability reporting by listed entitiesAnnexure1_p.pdf,18,18,2. List stakeholder groups identified as key for your entity and the frequency of
Disclosure_Q1_5527958902670489695,1. Provide the processes for consultation between stakeholders and the Board on,Disclosure,Q1,"1. Provide the processes for consultation between stakeholders and the Board on economic, environmental, and social topics or if consultation is delegated, how is feedback from such consultations provided to the Board. 2. Whether stakeholder consultation is used to support the identification and management of environmental, and social topics (Yes / No). If so, provide details of instances as to how the inputs received from stakeholders on these topics were incorporated into policies and activities of the entity. 3. Provide details of instances of engagement with, and actions taken to, address the concerns of vulnerable/ marginalized stakeholder groups.",Business responsibility and sustainability reporting by listed entitiesAnnexure1_p.pdf,18,18,1. Provide the processes for consultation between stakeholders and the Board on
Topic_Principle_Principle5,Principle5,Topic,5,PRINCIPLE 5 Businesses should respect and promote human rights,Business responsibility and sustainability reporting by listed entitiesAnnexure1_p.pdf,19,21,Principle5
Disclosure_Q3_-2317914256164085455,"3. Details of remuneration/salary/wages, in the following format:",Disclosure,Q3,"3. Details of remuneration/salary/wages, in the following format: Workers",Business responsibility and sustainability reporting by listed entitiesAnnexure1_p.pdf,20,20,"3. Details of remuneration/salary/wages, in the following format:"
Disclosure_Q4_-1901395924236537313,4. Do you have a focal point (Individual/ Committee) responsible for addressing human,Disclosure,Q4,4. Do you have a focal point (Individual/ Committee) responsible for addressing human rights impacts or issues caused or contributed to by the business? (Yes/No) 5. Describe the internal mechanisms in place to redress grievances related to human rights issues.,Business responsibility and sustainability reporting by listed entitiesAnnexure1_p.pdf,20,20,4. Do you have a focal point (Individual/ Committee) responsible for addressing human
Disclosure_Q7_3167174011234362400,7. Mechanisms to prevent adverse consequences to the complainant in discrimination and,Disclosure,Q7,7. Mechanisms to prevent adverse consequences to the complainant in discrimination and harassment cases.,Business responsibility and sustainability reporting by listed entitiesAnnexure1_p.pdf,20,20,7. Mechanisms to prevent adverse consequences to the complainant in discrimination and
Disclosure_Q8_-4444341060604033333,8. Do human rights requirements form part of your business agreements and contracts?,Disclosure,Q8,8. Do human rights requirements form part of your business agreements and contracts?,Business responsibility and sustainability reporting by listed entitiesAnnexure1_p.pdf,20,20,8. Do human rights requirements form part of your business agreements and contracts?
Disclosure_Q9_-4734510892370556029,9. Assessments for the year:,Disclosure,Q9,9. Assessments for the year: concerns arising from the assessments at Question 9 above.,Business responsibility and sustainability reporting by listed entitiesAnnexure1_p.pdf,21,21,9. Assessments for the year:
Disclosure_Q1_6088715793221866031,1. Details of a business process being modified / introduced as a result of addressing,Disclosure,Q1,1. Details of a business process being modified / introduced as a result of addressing human rights grievances/complaints.,Business responsibility and sustainability reporting by listed entitiesAnnexure1_p.pdf,21,21,1. Details of a business process being modified / introduced as a result of addressing
Disclosure_Q2_-40429986442686167,2. Details of the scope and coverage of any Human rights due-diligence conducted.,Disclosure,Q2,2. Details of the scope and coverage of any Human rights due-diligence conducted.,Business responsibility and sustainability reporting by listed entitiesAnnexure1_p.pdf,21,21,2. Details of the scope and coverage of any Human rights due-diligence conducted.
Disclosure_Q3_5393232696613216204,"3. Is the premise/office of the entity accessible to differently abled visitors, as per the",Disclosure,Q3,"3. Is the premise/office of the entity accessible to differently abled visitors, as per the requirements of the Rights of Persons with Disabilities Act, 2016? 4. Details on assessment of value chain partners: concerns arising from the assessments at Question 4 above.",Business responsibility and sustainability reporting by listed entitiesAnnexure1_p.pdf,21,21,"3. Is the premise/office of the entity accessible to differently abled visitors, as per the"
Topic_Principle_Principle6,Principle6,Topic,6,PRINCIPLE 6: Businesses should respect and make efforts to protect and restore the environment,Business responsibility and sustainability reporting by listed entitiesAnnexure1_p.pdf,22,30,Principle6
Disclosure_Q1_-7605476517899833912,"1. Details of total energy consumption (in Joules or multiples) and energy intensity, in the",Disclosure,Q1,"1. Details of total energy consumption (in Joules or multiples) and energy intensity, in the following format: Note: Indicate if any independent assessment/ evaluation/assurance has been carried out by an external agency? (Y/N) If yes, name of the external agency.",Business responsibility and sustainability reporting by listed entitiesAnnexure1_p.pdf,22,22,"1. Details of total energy consumption (in Joules or multiples) and energy intensity, in the"
Disclosure_Q2_6171478959439255178,2. Does the entity have any sites / facilities identified as designated consumers (DCs) under,Disclosure,Q2,"2. Does the entity have any sites / facilities identified as designated consumers (DCs) under the Performance, Achieve and Trade (PAT) Scheme of the Government of India? (Y/N) If yes, disclose whether targets set under the PAT scheme have been achieved. In case targets have not been achieved, provide the remedial action taken, if any.",Business responsibility and sustainability reporting by listed entitiesAnnexure1_p.pdf,22,22,2. Does the entity have any sites / facilities identified as designated consumers (DCs) under
Disclosure_Q3_-4999668360558070019,"3. Provide details of the following disclosures related to water, in the following format:",Disclosure,Q3,"3. Provide details of the following disclosures related to water, in the following format: Note: Indicate if any independent assessment/ evaluation/assurance has been carried out by an external agency? (Y/N) If yes, name of the external agency.",Business responsibility and sustainability reporting by listed entitiesAnnexure1_p.pdf,22,23,"3. Provide details of the following disclosures related to water, in the following format:"
Disclosure_Q4_1874396111599425017,"4. Has the entity implemented a mechanism for Zero Liquid Discharge? If yes, provide details",Disclosure,Q4,"4. Has the entity implemented a mechanism for Zero Liquid Discharge? If yes, provide details of its coverage and implementation.",Business responsibility and sustainability reporting by listed entitiesAnnexure1_p.pdf,23,23,"4. Has the entity implemented a mechanism for Zero Liquid Discharge? If yes, provide details"
Disclosure_Q5_8637121145400939773,"5. Please provide details of air emissions (other than GHG emissions) by the entity, in the",Disclosure,Q5,"5. Please provide details of air emissions (other than GHG emissions) by the entity, in the following format: Note: Indicate if any independent assessment/ evaluation/assurance has been carried out by an external agency? (Y/N) If yes, name of the external agency.",Business responsibility and sustainability reporting by listed entitiesAnnexure1_p.pdf,23,23,"5. Please provide details of air emissions (other than GHG emissions) by the entity, in the"
Disclosure_Q6_-5874270398555975595,6. Provide details of greenhouse gas emissions (Scope 1 and Scope 2 emissions) & its,Disclosure,Q6,"6. Provide details of greenhouse gas emissions (Scope 1 and Scope 2 emissions) & its intensity, in the following format: Note: Indicate if any independent assessment/ evaluation/assurance has been carried out by an external agency? (Y/N) If yes, name of the external agency.",Business responsibility and sustainability reporting by listed entitiesAnnexure1_p.pdf,24,24,6. Provide details of greenhouse gas emissions (Scope 1 and Scope 2 emissions) & its
Disclosure_Q7_-7154105830269047396,"7. Does the entity have any project related to reducing Green House Gas emission? If Yes,",Disclosure,Q7,"7. Does the entity have any project related to reducing Green House Gas emission? If Yes, then provide details.",Business responsibility and sustainability reporting by listed entitiesAnnexure1_p.pdf,24,24,"7. Does the entity have any project related to reducing Green House Gas emission? If Yes,"
Disclosure_Q8_1419484420242406593,"8. Provide details related to waste management by the entity, in the following format:",Disclosure,Q8,"8. Provide details related to waste management by the entity, in the following format: Note: Indicate if any independent assessment/ evaluation/assurance has been carried out by an external agency? (Y/N) If yes, name of the external agency.",Business responsibility and sustainability reporting by listed entitiesAnnexure1_p.pdf,24,25,"8. Provide details related to waste management by the entity, in the following format:"
Disclosure_Q9_-1180754342078183070,9. Briefly describe the waste management practices adopted in your establishments. Describe,Disclosure,Q9,"9. Briefly describe the waste management practices adopted in your establishments. Describe the strategy adopted by your company to reduce usage of hazardous and toxic chemicals in your products and processes and the practices adopted to manage such wastes. parks, wildlife sanctuaries, biosphere reserves, wetlands, biodiversity hotspots, forests, coastal regulation zones etc.) where environmental approvals / clearances are required, please specify details in the following format:",Business responsibility and sustainability reporting by listed entitiesAnnexure1_p.pdf,25,25,9. Briefly describe the waste management practices adopted in your establishments. Describe
Disclosure_Q11_1366600324960417183,11. Details of environmental impact assessments of projects undertaken by the entity based,Disclosure,Q11,"11. Details of environmental impact assessments of projects undertaken by the entity based on applicable laws, in the current financial year:",Business responsibility and sustainability reporting by listed entitiesAnnexure1_p.pdf,26,26,11. Details of environmental impact assessments of projects undertaken by the entity based
Disclosure_Q12_1371309414590748650,12. Is the entity compliant with the applicable environmental law/ regulations/ guidelines in,Disclosure,Q12,"12. Is the entity compliant with the applicable environmental law/ regulations/ guidelines in India; such as the Water (Prevention and Control of Pollution) Act, Air (Prevention and Control of Pollution) Act, Environment protection act and rules thereunder (Y/N).  If not, provide details of all such non-compliances, in the following format:",Business responsibility and sustainability reporting by listed entitiesAnnexure1_p.pdf,26,26,12. Is the entity compliant with the applicable environmental law/ regulations/ guidelines in
Disclosure_Q1_-2941116562953374489,1. Provide break-up of the total energy consumed (in Joules or multiples) from renewable,Disclosure,Q1,"1. Provide break-up of the total energy consumed (in Joules or multiples) from renewable and non-renewable sources, in the following format: Note: Indicate if any independent assessment/ evaluation/assurance has been carried out by an external agency? (Y/N) If yes, name of the external agency.",Business responsibility and sustainability reporting by listed entitiesAnnexure1_p.pdf,26,27,1. Provide break-up of the total energy consumed (in Joules or multiples) from renewable
Disclosure_Q2_294300574630310733,2. Provide the following details related to water discharged:,Disclosure,Q2,"2. Provide the following details related to water discharged: Note: Indicate if any independent assessment/ evaluation/assurance has been carried out by an external agency? (Y/N) If yes, name of the external agency.",Business responsibility and sustainability reporting by listed entitiesAnnexure1_p.pdf,27,27,2. Provide the following details related to water discharged:
Disclosure_Q3_937559134512949447,"3. Water withdrawal, consumption and discharge in areas of water stress (in kilolitres):",Disclosure,Q3,"3. Water withdrawal, consumption and discharge in areas of water stress (in kilolitres): For each facility / plant located in areas of water stress, provide the following information: (i) Name of the area (iii) Water withdrawal, consumption and discharge in the following format: Note: Indicate if any independent assessment/ evaluation/assurance has been carried out by an external agency? (Y/N) If yes, name of the external agency.",Business responsibility and sustainability reporting by listed entitiesAnnexure1_p.pdf,28,29,"3. Water withdrawal, consumption and discharge in areas of water stress (in kilolitres):"
Disclosure_Q4_-6382315562112869290,"4. Please provide details of total Scope 3 emissions & its intensity, in the following format:",Disclosure,Q4,"4. Please provide details of total Scope 3 emissions & its intensity, in the following format: Note: Indicate if any independent assessment/ evaluation/assurance has been carried out by an external agency? (Y/N) If yes, name of the external agency. 5. With respect to the ecologically sensitive areas reported at Question 10 of Essential Indicators above, provide details of significant direct & indirect impact of the entity on biodiversity in such areas along-with prevention and remediation activities. 6. If the entity has undertaken any specific initiatives or used innovative technology or solutions to improve resource efficiency, or reduce impact due to emissions / effluent discharge / waste generated, please provide details of the same as well as outcome of such initiatives, as per the following format: Sr. No Initiative undertaken  Details of the initiative (Web-link, if Outcome of any, may be provided along-with the initiative summary)",Business responsibility and sustainability reporting by listed entitiesAnnexure1_p.pdf,29,29,"4. Please provide details of total Scope 3 emissions & its intensity, in the following format:"
Disclosure_Q7_-6135229753112979571,7. Does the entity have a business continuity and disaster management plan? Give details in,Disclosure,Q7,7. Does the entity have a business continuity and disaster management plan? Give details in 100 words/ web link.,Business responsibility and sustainability reporting by listed entitiesAnnexure1_p.pdf,30,30,7. Does the entity have a business continuity and disaster management plan? Give details in
Disclosure_Q8_-8405331482717645114,"8. Disclose any significant adverse impact to the environment, arising from the value chain of",Disclosure,Q8,"8. Disclose any significant adverse impact to the environment, arising from the value chain of the entity. What mitigation or adaptation measures have been taken by the entity in this regard.",Business responsibility and sustainability reporting by listed entitiesAnnexure1_p.pdf,30,30,"8. Disclose any significant adverse impact to the environment, arising from the value chain of"
Disclosure_Q9_-7969144881968328141,9. Percentage of value chain partners (by value of business done with such partners) that,Disclosure,Q9,9. Percentage of value chain partners (by value of business done with such partners) that were assessed for environmental impacts.,Business responsibility and sustainability reporting by listed entitiesAnnexure1_p.pdf,30,30,9. Percentage of value chain partners (by value of business done with such partners) that
Topic_Principle_Principle7,Principle7,Topic,7,"PRINCIPLE 7 Businesses, when engaging in influencing public and regulatory policy, should do so in a manner that is responsible and transparent",Business responsibility and sustainability reporting by listed entitiesAnnexure1_p.pdf,31,31,Principle7
Disclosure_Q1_-2404243060544308884,1. a. Number of affiliations with trade and industry chambers/ associations.,Disclosure,Q1,1. a. Number of affiliations with trade and industry chambers/ associations. b. List the top 10 trade and industry chambers/ associations (determined based on the total members of such body) the entity is a member of/ affiliated to.,Business responsibility and sustainability reporting by listed entitiesAnnexure1_p.pdf,31,31,1. a. Number of affiliations with trade and industry chambers/ associations.
Disclosure_Q2_3964124706495384678,2. Provide details of corrective action taken or underway on any issues related to anti-,Disclosure,Q2,"2. Provide details of corrective action taken or underway on any issues related to anti- competitive conduct by the entity, based on adverse orders from regulatory authorities.",Business responsibility and sustainability reporting by listed entitiesAnnexure1_p.pdf,31,31,2. Provide details of corrective action taken or underway on any issues related to anti-
Disclosure_Q1_-7589029273317480447,1. Details of public policy positions advocated by the entity:,Disclosure,Q1,1. Details of public policy positions advocated by the entity:,Business responsibility and sustainability reporting by listed entitiesAnnexure1_p.pdf,31,31,1. Details of public policy positions advocated by the entity:
Topic_Principle_Principle8,Principle8,Topic,8,PRINCIPLE 8 Businesses should promote inclusive growth and equitable development,Business responsibility and sustainability reporting by listed entitiesAnnexure1_p.pdf,32,33,Principle8
Disclosure_Q1_-2582330184210767677,1. Details of Social Impact Assessments (SIA) of projects undertaken by the entity based,Disclosure,Q1,"1. Details of Social Impact Assessments (SIA) of projects undertaken by the entity based on applicable laws, in the current financial year. Name and brief",Business responsibility and sustainability reporting by listed entitiesAnnexure1_p.pdf,32,32,1. Details of Social Impact Assessments (SIA) of projects undertaken by the entity based
Disclosure_Q2_6267500162017998685,2. Provide information on project(s) for which ongoing Rehabilitation and Resettlement,Disclosure,Q2,2. Provide information on project(s) for which ongoing Rehabilitation and Resettlement,Business responsibility and sustainability reporting by listed entitiesAnnexure1_p.pdf,32,32,2. Provide information on project(s) for which ongoing Rehabilitation and Resettlement
Disclosure_Q3_3686134045272743653,3. Describe the mechanisms to receive and redress grievances of the community.,Disclosure,Q3,3. Describe the mechanisms to receive and redress grievances of the community.,Business responsibility and sustainability reporting by listed entitiesAnnexure1_p.pdf,32,32,3. Describe the mechanisms to receive and redress grievances of the community.
Disclosure_Q4_-2907425612335370407,4. Percentage of input material (inputs to total inputs by value) sourced from suppliers:,Disclosure,Q4,4. Percentage of input material (inputs to total inputs by value) sourced from suppliers:,Business responsibility and sustainability reporting by listed entitiesAnnexure1_p.pdf,32,32,4. Percentage of input material (inputs to total inputs by value) sourced from suppliers:
Disclosure_Q1_-7024612116224278638,1. Provide details of actions taken to mitigate any negative social impacts identified in the,Disclosure,Q1,1. Provide details of actions taken to mitigate any negative social impacts identified in the,Business responsibility and sustainability reporting by listed entitiesAnnexure1_p.pdf,32,32,1. Provide details of actions taken to mitigate any negative social impacts identified in the
Disclosure_Q2_1620615386017990737,2. Provide the following information on CSR projects undertaken by your entity in,Disclosure,Q2,2. Provide the following information on CSR projects undertaken by your entity in,Business responsibility and sustainability reporting by listed entitiesAnnexure1_p.pdf,33,33,2. Provide the following information on CSR projects undertaken by your entity in
Disclosure_Q3_-3206953122699448029,3. (a) Do you have a preferential procurement policy where you give preference to,Disclosure,Q3,3. (a) Do you have a preferential procurement policy where you give preference to purchase from suppliers comprising marginalized /vulnerable groups? (Yes/No) (b) From which marginalized /vulnerable groups do you procure? (c) What percentage of total procurement (by value) does it constitute?,Business responsibility and sustainability reporting by listed entitiesAnnexure1_p.pdf,33,33,3. (a) Do you have a preferential procurement policy where you give preference to
Disclosure_Q4_-7047970970157743417,4. Details of the benefits derived and shared from the intellectual properties owned or,Disclosure,Q4,4. Details of the benefits derived and shared from the intellectual properties owned or,Business responsibility and sustainability reporting by listed entitiesAnnexure1_p.pdf,33,33,4. Details of the benefits derived and shared from the intellectual properties owned or
Disclosure_Q5_-7897665107139995218,"5. Details of corrective actions taken or underway, based on any adverse order in",Disclosure,Q5,"5. Details of corrective actions taken or underway, based on any adverse order in",Business responsibility and sustainability reporting by listed entitiesAnnexure1_p.pdf,33,33,"5. Details of corrective actions taken or underway, based on any adverse order in"
Topic_Principle_Principle9,Principle9,Topic,9,PRINCIPLE 9 Businesses should engage with and provide value to their consumers in a responsible manner,Business responsibility and sustainability reporting by listed entitiesAnnexure1_p.pdf,34,35,Principle9
Disclosure_Q1_4311818261372138569,1. Describe the mechanisms in place to receive and respond to consumer complaints and,Disclosure,Q1,1. Describe the mechanisms in place to receive and respond to consumer complaints and feedback.,Business responsibility and sustainability reporting by listed entitiesAnnexure1_p.pdf,34,34,1. Describe the mechanisms in place to receive and respond to consumer complaints and
Disclosure_Q2_-6323523607041347652,2. Turnover of products and/ services as a percentage of turnover from all products/service,Disclosure,Q2,2. Turnover of products and/ services as a percentage of turnover from all products/service,Business responsibility and sustainability reporting by listed entitiesAnnexure1_p.pdf,34,34,2. Turnover of products and/ services as a percentage of turnover from all products/service
Disclosure_Q3_-5674105995697276285,3. Number of consumer complaints in respect of the following: FY _____,Disclosure,Q3,3. Number of consumer complaints in respect of the following: FY _____,Business responsibility and sustainability reporting by listed entitiesAnnexure1_p.pdf,34,34,3. Number of consumer complaints in respect of the following: FY _____
Disclosure_Q4_2358137723503467206,4. Details of instances of product recalls on account of safety issues:,Disclosure,Q4,4. Details of instances of product recalls on account of safety issues:,Business responsibility and sustainability reporting by listed entitiesAnnexure1_p.pdf,34,34,4. Details of instances of product recalls on account of safety issues:
Disclosure_Q5_7184145804725927416,5. Does the entity have a framework/ policy on cyber security and risks related to data,Disclosure,Q5,"5. Does the entity have a framework/ policy on cyber security and risks related to data privacy? (Yes/No) If available, provide a web-link of the policy. 6. Provide details of any corrective actions taken or underway on issues relating to advertising, and delivery of essential services; cyber security and data privacy of customers; re-occurrence of instances of product recalls; penalty / action taken by regulatory authorities on safety of products / services.",Business responsibility and sustainability reporting by listed entitiesAnnexure1_p.pdf,34,34,5. Does the entity have a framework/ policy on cyber security and risks related to data
Disclosure_Q1_248820420737716290,1. Channels / platforms where information on products and services of the entity can be,Disclosure,Q1,"1. Channels / platforms where information on products and services of the entity can be accessed (provide web link, if available).",Business responsibility and sustainability reporting by listed entitiesAnnexure1_p.pdf,35,35,1. Channels / platforms where information on products and services of the entity can be
Disclosure_Q2_-6184972109569361964,2. Steps taken to inform and educate consumers about safe and responsible usage of,Disclosure,Q2,2. Steps taken to inform and educate consumers about safe and responsible usage of products and/or services.,Business responsibility and sustainability reporting by listed entitiesAnnexure1_p.pdf,35,35,2. Steps taken to inform and educate consumers about safe and responsible usage of
Disclosure_Q3_-284835273638619066,3. Mechanisms in place to inform consumers of any risk of disruption/discontinuation of,Disclosure,Q3,3. Mechanisms in place to inform consumers of any risk of disruption/discontinuation of essential services.,Business responsibility and sustainability reporting by listed entitiesAnnexure1_p.pdf,35,35,3. Mechanisms in place to inform consumers of any risk of disruption/discontinuation of
Disclosure_Q4_-1214561082357038127,4. Does the entity display product information on the product over and above what is,Disclosure,Q4,"4. Does the entity display product information on the product over and above what is mandated as per local laws? (Yes/No/Not Applicable) If yes, provide details in brief. Did your entity carry out any survey with regard to consumer satisfaction relating to the major products / services of the entity, significant locations of operation of the entity or the entity as a whole? (Yes/No)",Business responsibility and sustainability reporting by listed entitiesAnnexure1_p.pdf,35,35,4. Does the entity display product information on the product over and above what is
Disclosure_Q5_5558853835956809098,5. Provide the following information relating to data breaches:,Disclosure,Q5,5. Provide the following information relating to data breaches: a. Number of instances of data breaches along-with impact b. Percentage of data breaches involving personally identifiable information of customers,Business responsibility and sustainability reporting by listed entitiesAnnexure1_p.pdf,35,35,5. Provide the following information relating to data breaches:
Framework_ESRS_201_20Delegated_act_2023_5303_annex_1_en_pdf,ESRS_201_20Delegated-act-2023-5303-annex-1_en,Framework,ESRS,,ESRS_201_20Delegated-act-2023-5303-annex-1_en.pdf,,,
Topic_ESRS_1,ESRS 1 Standard,Topic,ESRS 1,"EUROPEAN COMMISSION Brussels, 31.7.2023 C(2023) 5303 final ANNEX 1 EUROPEAN SUSTAINABILITY REPORTING STANDARDS (ESRS) ESRS 1 General requirements ESRS 2 General disclosures ESRS E1 Climate change ESRS E2 Pollution ESRS E3 Water and marine resources ESRS E4 Biodiversity and ecosystems ESRS E5 Resource use and circular economy ESRS S1 Own workforce ESRS S2 Workers in the value chain ESRS S3 Affected communities ESRS S4 Consumers and end-users ESRS G1 Business conduct",ESRS_201_20Delegated-act-2023-5303-annex-1_en.pdf,1,36,ESRS 1 Standard
Topic_ESRS_1,ESRS 1 GENERAL REQUIREMENTS,Topic,ESRS 1,,ESRS_201_20Delegated-act-2023-5303-annex-1_en.pdf,2,11,ESRS 1 GENERAL REQUIREMENTS
Topic_ESRS_2,ESRS 2 MDR-P; and,Topic,ESRS 2,"v. Topical ESRS: reflecting the different stages and purposes of stakeholder engagement throughout the due diligence process. (c) identifying and assessing negative impacts on people and the environment 5 . This is addressed under: i. ESRS 2 IRO-1 (including Application Requirements related to specific sustainability matters in the relevant ESRS); and ii. ESRS 2 SBM-3; (d) taking action to address negative impacts on people and the environment 6 . This is addressed under: i. ESRS 2 MDR-A; and ii. Topical ESRS: reflecting the range of actions including transition plans, through which impacts are addressed. (e) tracking the effectiveness of these efforts 7 . This is addressed under: i. ESRS 2 MDR-M; ii. ESRS 2 MDR-T; and iii. Topical ESRS: regarding metrics and targets . 5. Value chain 5.1  Reporting undertaking and value chain 62. The sustainability statement shall be for the same reporting undertaking as the financial statements. For example  if the reporting undertaking is a parent company required to prepare consolidated financial statements  the sustainability statement will be for the group. This requirement does not apply where the reporting undertaking is not required to draw-up financial statements or where the reporting undertaking is preparing consolidated sustainability reporting pursuant to Article 48i of Directive 2013/34/EU. 3 UN Guiding Principle 16 and its commentary; UN Interpretive Guide  Questions 21 and 25 as well as OECD Guidelines Chapter II on General Policies (paragraph A.10)  and chapter IV on Human Rights (paragraph 4; and paragraph 44 of the Commentary); and OECD Due Diligence Guidance  Section II (1.1 and 1.2) and Annex  Questions 14 and 15. 4 UN Guiding Principle 18 and its Commentary  UN Guiding Principle 20  Commentary to UN Guiding Principles 21 and 29  and UN Guiding Principle 31(h) and its Commentary; and the UN Interpretive Guide  Questions 30  33  42 and 76 as well as OECD Guidelines Chapter II on General Policies (paragraph A.14 and paragraph 25 of the Commentary); and OECD Due Diligence Guidance  Section II (2.1.c  2.3. 2.4.a  3.1.b and 3.1.f) and Annex Questions 8- 11. 5 UN Guiding Principles 17  18 and 24 and their Commentaries  and the Commentary to UN Guiding Principle 29; and the UN Interpretive Guide  Questions 9  12-13  27-28  36-42  and 85-89 and OECD Guidelines Chapter II on General Policies (paragraphs A.10-11 and paragraph 14 of the Commentary)  and Chapter IV on Human Rights (paragraphs 1-2 and paragraphs 41-43 of the Commentary); and OECD Due Diligence Guidance  Section II (2.1- 2.4) and Annex Questions 3-5  and 19-31). 6 UN Guiding Principles 19  22 and 23 and their Commentaries; and the UN Interpretive Guide  Questions 11  32  46-47  6468 and 82-83 and OECD Guidelines Chapter II on General Policies (paragraphs A.12 and paragraphs 18-22 of the Commentary) and Chapter IV on Human Rights (paragraphs 3 and 42-43 of the Commentary); and OECD Due Diligence Guidance  Section II (3.1-3.2) and Annex Questions 32-40). 7 UN Guiding Principles 20 and 31(g) and their Commentaries; and the UN Interpretive Guide  Questions 49-53 and 80 and OECD Due Diligence Guidance  Section II (4.1 and 5.1) and Annex Questions 41-47. 10 63. The information about the reporting undertaking provided in the sustainability statement shall be extended to include information on the material impacts, risks and opportunities connected with the undertaking through its direct and indirect business relationships in the upstream and/or downstream value chain (“value chain information”). In extending the information about the reporting undertaking  the undertaking shall include material impacts  risks and opportunities connected with its upstream and downstream value chain: (a) following the outcome of its due diligence process and of its materiality assessment; and (b) in accordance with any specific requirements related to the value chain in other ESRS. 64. Paragraph 63 does not require information on each and every actor in the value chain but only the inclusion of material upstream and downstream value chain information. Different sustainability matters can be material in relation to different parts of the undertaking’s upstream and downstream value chain. The information shall be extended to include value chain information only in relation to the parts of the value chain for which the matter is material. 65. The undertaking shall include material value chain information when this is necessary to: (a) allow users of sustainability statements to understand the undertaking’s material impacts, risks and opportunities ; and/or (b) produce a set of information that meets the qualitative characteristics of information (see Appendix B of this Standard). 66. When determining at which level within its own operations and its upstream and downstream value chain a material sustainability matter arises  the undertaking shall use its assessment of impacts, risks and opportunities following the double materiality principle (see chapter 3 of this Standard). 67. When associates or joint ventures  accounted for under the equity method or proportionally consolidated in the financial statements  are part of the undertaking’s value chain  for example as suppliers  the undertaking shall include information related to those associates or joint ventures in accordance with paragraph 63 consistent with the approach adopted for the other business relationships in the value chain. In this case  when determining impact metrics the data of the associate or joint venture are not limited to the share of equity held  but shall be taken into account on the basis of the impacts that are connected with the undertaking’s products and services through its business relationships. 5.2  Estimation using sector averages and proxies 68. The undertaking’s ability to obtain the necessary upstream and downstream value chain information may vary depending on various factors  such as the undertaking’s contractual arrangements  the level of control that it exercises on the operations outside the consolidation scope and its buying power. When the undertaking does not have the ability to control the activities of its upstream and/or downstream value chain and its business relationships obtaining value chain information may be more challenging. 69. There are circumstances where the undertaking cannot collect the information about its upstream and downstream value chain as required by paragraph 63 after making reasonable efforts to do so. In these circumstances  the undertaking shall estimate the information to be reported about its upstream and downstream value chain  by using all reasonable and supportable information  such as sector-average data and other proxies. 70. Obtaining value chain information could also be challenging in the case of SMEs and other upstream and/or downstream value chain entities that are not in the scope of the sustainability reporting required by Articles 19a and 29a of Directive 2013/34/EU (see ESRS 2 BP-2 Disclosures in relation to specific circumstances ). 11 71. With reference to policies, actions and targets, the undertaking’s reporting shall include upstream and/or downstream value chain information to the extent that those policies  actions and targets involve actors in the value chain . With reference to metrics in many cases  in particular for environmental matters for which proxies are available  the undertaking may be able to comply with the reporting requirements without collecting data from the actors in its upstream and downstream value chain  especially from SMEs  for example  when calculating the undertaking’s GHG Scope 3 emissions. 72. The incorporation of estimates made using sector-average data or other proxies shall not result in information that does not meet the qualitative characteristics of information (see chapter 2 and section 7.2 Sources of estimation and outcome uncertainty of this Standard). 6. 73. The reporting period for the undertaking’s sustainability statement shall be consistent with that of its financial statements. 74. The undertaking shall establish appropriate linkages in its sustainability statement between retrospective and forward-looking information  when relevant  to foster a clear understanding of how historical information relates to future-oriented information. 6.3 Reporting progress against the base year 75. A base year is the historical reference date or period for which information is available and against which subsequent information can be compared over time. 76. The undertaking shall present comparative information in respect of the base year for amounts reported in the current period when reporting the developments and progress towards a target unless the relevant Disclosure Requirement already defines how to report progress. The undertaking may also include historical information about achieved milestones between the base year and the reporting period when this is relevant information. 6.4  Definition of short-, medium- and long-term for reporting purposes 77. When preparing its sustainability statement the undertaking shall adopt the following time intervals as of the end of the reporting period: (a) for the short-term time horizon: the period adopted by the undertaking as the reporting period in its financial statements; (b) for the medium-term time horizon: from the end of the short-term reporting period defined in (a)  up to 5 years; and (c) for the long-term time horizon: more than 5 years. 78. The undertaking shall use an additional breakdown for the long-term time horizon when impacts or actions are expected in a period longer than 5 years if necessary to provide relevant information to users of sustainability statements . 79. If different definitions of medium- or long-term time horizons are required for specific items of disclosure in other ESRS  the definitions in those ESRS shall prevail. 80. There may be circumstances where the use of the medium- or long-term time horizons defined in paragraph 77 results in non-relevant information  as the undertaking uses a different definition for 12 (i) its processes of identification and management of material impacts, risks and opportunities or (ii) the definition of its actions and setting targets . These circumstances may be due to industry- specific characteristics  such as cash flow and business cycles  the expected duration of capital investments  the time horizons over which the users of sustainability statements conduct their assessments or the planning horizons typically used in the undertaking’s industry for decision- making. In these circumstances  the undertaking may adopt a different definition of medium- and/or long- term time horizons (see ESRS 2 BP–2  paragraph 9). 81. References to “short-term”  “medium-term”  and “long-term” in ESRS refer to the time horizon as determined by the undertaking according to the provisions in paragraphs 77 to 80. 7. Preparation and presentation of sustainability information 82. This chapter provides general requirements to be applied when preparing and presenting sustainability information. 7.1  Presenting comparative information 83. The undertaking shall disclose comparative information in respect of the previous period for all quantitative metrics and monetary amounts disclosed in the current period. When relevant to an understanding of the current period’s sustainability statement the undertaking shall also disclose comparative information for narrative disclosures. 84. When the undertaking reports comparative information that differs from the information reported in the previous period it shall disclose: (a) the difference between the figure reported in the previous period and the revised comparative figure; and (b) the reasons for the revision of the figure. 85. Sometimes  it is impracticable to adjust comparative information for one or more prior periods to achieve comparability with the current period. For example  data might not have been collected in the prior period(s) in a way that allows either retrospective application of a new definition of a metric or target  or retrospective restatement to correct a prior period error  and it may be impracticable to recreate the information (see ESRS 2 BP-2). When it is impracticable to adjust comparative information for one or more prior periods  the undertaking shall disclose this fact. 86. When an ESRS requires the undertaking to present more than one comparative period for a metric or datapoint  the requirements of that ESRS shall prevail. 7.2  Sources of estimation and outcome uncertainty 87. When quantitative metrics and monetary amounts  including upstream and downstream value chain information (see chapter 5 of this Standard)  cannot be measured directly and can only be estimated  measurement uncertainty may arise. 88. An undertaking shall disclose information to enable users to understand the most significant uncertainties affecting the quantitative metrics and monetary amounts reported in its sustainability statement. 89. The use of reasonable assumptions and estimates  including scenario or sensitivity analysis is an essential part of preparing sustainability-related information and does not undermine the usefulness of that information  provided that the assumptions and estimates are accurately described and explained. Even a high level of measurement uncertainty would not necessarily prevent such an assumption or estimate from providing useful information or meeting the qualitative characteristics of information (see Appendix B of this Standard). 90. Data and assumptions used in preparing the sustainability statement shall be consistent to the extent possible with the corresponding financial data and assumptions used in the undertaking’s financial statements. 13 91. Some ESRS require the disclosure of information such as explanations about possible future events that have uncertain outcomes. In judging whether information about such possible future events is material  the undertaking shall refer to the criteria in Chapter 3 of this Standard and consider: (a) the potential financial effects of the events (the possible outcome); (b) the severity and likelihood of the impacts on people or the environment resulting from the possible events  taking account of the factors of severity specified in paragraph 45; and (c) the full range of possible outcomes and the likelihood of the possible outcomes within that range. 92. When assessing the possible outcomes  the undertaking shall consider all relevant facts and circumstances  including information about low-probability and high-impact outcomes  which when aggregated  could become material. For example  the undertaking might be exposed to several impacts or risks  each of which could cause the same type of disruption  such as disruptions to the undertaking’s supply chain . Information about an individual source of risk might not be material if disruption from that source is highly unlikely to occur. However information about the aggregate risk of supply chain disruption from all sources might be material (see ESRS 2 BP-2). 93. In some cases  the undertaking may receive information after the reporting period but before the management report is approved for issuance. If such information provides evidence or insights about conditions existing at period end  the undertaking shall  where appropriate update estimates and sustainability disclosures  in the light of the new information. 94. When such information provides evidence or insights about material transactions  other events and conditions that arise after the end of the reporting period  the undertaking shall  where appropriate  provide narrative information indicating the existence  nature and potential consequences of these post-year end events. 7.4  Changes in preparation or presentation of sustainability information 95. The definition and calculation of metrics including metrics used to set targets and monitor progress towards them  shall be consistent over time. The undertaking shall provide restated comparative figures  unless it is impracticable to do so (see ESRS 2 BP-2)  when it has: (a) redefined or replaced a metric or target; (b) identified new information in relation to the estimated figures disclosed in the preceding period and the new information provides evidence of circumstances that existed in that period. 96. The undertaking shall correct material prior period errors by restating the comparative amounts for the prior period(s) disclosed  unless it is impracticable to do so. This requirement does not extend to reporting periods before the first year of application of ESRS by the undertaking. 97. Prior period errors are omissions from  and misstatements in  the undertaking’s sustainability statement for one or more prior periods. Such errors arise from a failure to use  or misuse of reliable information that: (a) was available when the management report that includes the sustainability statement for those periods was authorised for issuance; and (b) could reasonably be expected to have been obtained and considered in the preparation of sustainability disclosures included in these reports. 98. Such errors include: the effects of mathematical mistakes  mistakes in applying the definitions for metrics or targets oversights or misinterpretations of facts  and fraud. 14 99. Potential errors in the current period discovered in that period are corrected before the management report is authorised for issuance. However  material errors are sometimes only discovered in a subsequent period. 100. When it is impracticable to determine the effect of an error on all prior periods presented  the undertaking shall restate the comparative information to correct the error from the earliest date practicable. When correcting disclosures for a prior period  the undertaking shall not use hindsight either in making assumptions about what the management’s intentions would have been in a prior period or in estimating the amounts disclosed in a prior period. This requirement applies to correction of both backward-looking and forward- looking disclosures. 101. Corrections of errors are distinguished from changes in estimates. Estimates may need to be revised as additional information becomes known (see ESRS 2 BP-2). 102. When the undertaking is reporting at a consolidated level  it shall perform its assessment of material impacts, risks and opportunities for the entire consolidated group  regardless of its group legal structure. It shall ensure that all subsidiaries are covered in a way that allows for the unbiased identification of material impacts  risks and opportunities. Criteria and thresholds for assessing an impact  risk or opportunity as material shall be determined based on chapter 3 of this Standard. 103. Where the undertaking identifies significant differences between material impacts, risks or opportunities at group level and material impacts  risks or opportunities of one or more of its subsidiaries  the undertaking shall provide an adequate description of the impacts  risks and opportunities  as appropriate  of the subsidiary or subsidiaries concerned. 104. When assessing whether the differences between material impacts, risks or opportunities at group level and material impacts  risks or opportunities of one or more of its subsidiaries are significant  the undertaking may consider different circumstances  such as whether the subsidiary or subsidiaries operate in a different sector than the rest of the group or the circumstances reflected in section 3.7 Level of disaggregation . 7.7 Classified and sensitive information, and information on intellectual property, know-how or 105. The undertaking is not required to disclose classified information or sensitive information even if such information is considered material. 106. When disclosing information about its strategy, plans and actions where a specific piece of information corresponding to intellectual property  know-how or the results of innovation is relevant to meet the objective of a Disclosure Requirement  the undertaking may nevertheless omit that specific piece of information if it: (a) is secret in the sense that it is not  as a body or in the precise configuration and assembly of its components  generally known among or readily accessible to persons within the circles that normally deal with the kind of information in question; (b) has commercial value because it is secret; and (c) has been subject to reasonable steps by the undertaking to keep it secret. 107. If the undertaking omits classified information or sensitive information or a specific piece of information corresponding to intellectual property  know-how or the results of innovation because it meets the criteria established in the previous paragraph  it shall comply with the disclosure requirement in question by disclosing all other required information. 108. The undertaking shall make every reasonable effort to ensure that beyond the omission of the classified information or sensitive information or of the specific piece of information corresponding to intellectual property  know-how or the results of innovation  the overall relevance of the disclosure in question is not impaired. 15 109. When reporting on opportunities the disclosure should consist of descriptive information allowing the reader to understand the opportunity for the undertaking or the entire sector. When reporting on opportunities  the undertaking shall consider the materiality of the information to be disclosed. In this context  it shall consider  among other factors: (a) whether the opportunity is currently being pursued and is incorporated in its general strategy as opposed to a general opportunity for the undertaking or the sector; and (b) whether the inclusion of quantitative measures of anticipated financial effects is appropriate taking into account the number of assumptions that it could require and consequential uncertainty. 110. This chapter provides the basis for the presentation of the information about sustainability matters prepared in compliance with Articles 19a and 29a of Directive 2013/34/EU (i.e.  the sustainability statement ) within the undertaking’s management report. Such information is presented in a dedicated section of the management report identified as the sustainability statement. Appendix F Example of structure of ESRS sustainability statement of this Standard provides an illustrative example of a sustainability statement structured according to the requirements of this chapter. 8.1    General presentation requirement 111. Sustainability information shall be presented: (a) in a way that allows a distinction between information required by disclosures in ESRS and other information included in the management report; and (b) under a structure that facilitates access to and understanding of the sustainability statement in a format that is both human-readable and machine-readable. 112. Except for the possibility to incorporate information by reference in accordance with section 9.1 Incorporation by reference of this Standard  the undertaking shall report all the applicable disclosures required by ESRS in accordance with chapter 1 of this Standard  within a dedicated section of the management report. 113. The undertaking shall include in its sustainability statement the disclosures pursuant to Article 8 of Regulation (EU) 2020/852 of the European Parliament and the Council 8 and to the Commission Delegated Regulations that specify the content and other modalities of those disclosures. The undertaking shall ensure that these disclosures are separately identifiable within the sustainability statement. The disclosures relating to each of the environmental objectives defined in the Taxonomy Regulation shall be presented together in a clearly identifiable part of the environmental section of the sustainability statement. These disclosures are not subject to the provisions of ESRS  with the exception of this paragraph and the first sentence of paragraph 115 of this standard. 114. When the undertaking includes in its sustainability statement additional disclosures stemming from (i) other legislation which requires the undertaking to disclose sustainability information  or (ii) generally accepted sustainability reporting standards and frameworks  including non- 8 Regulation (EU) 2020/852 of the European Parliament and of the Council of 18 June 2020 on the establishment of a framework to facilitate sustainable investment  and amending Regulation (EU) 2019/2088 (OJ L 198  22.6.2020  p. 13). 16 mandatory guidance and sector-specific guidance  published by other standardsetting bodies (such as technical material issued by the International Sustainability Standards Board or the Global Reporting Initiative)  such disclosures shall: (a) be clearly identified with an appropriate reference to the related legislation  standard or framework (see ESRS 2 BP-2  paragraph 15); (b) meet the requirements for qualitative characteristics of information specified in chapter 2 and Appendix B of this standard. 115. The undertaking shall structure its sustainability statement in four parts  in the following order: general information  environmental information (including disclosures pursuant to Article 8 of Regulation (EU) 2020/852)  social information and governance information. Respecting the provision in section 3.6 Material impacts or risks arising from actions to address sustainability matters of this Standard  when information provided in one part contains information to be reported in another part  the undertaking may refer in one part to information presented in another part  avoiding duplications. The undertaking may apply the detailed structure illustrated in Appendix F of this Standard. 116. The disclosures required by sector-specific ESRS shall be grouped by reporting area and  where applicable  by sustainability topic. They shall be presented alongside the disclosures required by ESRS 2 and the corresponding topical ESRS. 117. Where the undertaking develops material entity-specific disclosures in accordance with paragraph 11 it shall report those disclosures alongside the most relevant sector-agnostic and sector-specific disclosures. 9. Linkages with other parts of corporate reporting and connected information 118. The undertaking shall provide information that enables users of its sustainability statement to understand the connections between different pieces of information in the statement  and the connections between the information in the sustainability statement and other information that the undertaking discloses in other parts of its corporate reporting. 9.1     Incorporation by reference 119. Provided that the conditions in paragraph 120 are met  information prescribed by a Disclosure Requirement of an ESRS  including a specific datapoint prescribed by a Disclosure Requirement  may be incorporated in the sustainability statement by reference to: (a) another section of the management report; (b) the financial statements; (c) the corporate governance statement (if not part of the management report); (d) the remuneration report required by Directive 2007/36/EC of the European Parliament and of the Council 9 ; (e) the universal registration document  as referred to in Article 9 of Regulation (EU) 2017/1129 10 ; and (f) public disclosures under Regulation (EU) No 575/2013 of the European Parliament and of the Council (Pillar 3 disclosures) 11 . If the undertaking incorporates by reference information from Pillar 3 disclosures  it shall ensure that the information matches the scope of consolidation used for the sustainability statement by complementing the incorporated information with additional elements as necessary. 9 Directive 2007/36/EC of the European Parliament and of the Council of 11 July 2007 on the exercise of certain rights of shareholders in listed companies (OJ L 184  14.7.2007  p. 17). 10 Regulation (EU) 2017/1129 of the European Parliament and of the Council of 14 June 2017 on the prospectus to be published when securities are offered to the public or admitted to trading on a regulated market  and repealing Directive 2003/71/EC (OJ L 168  30.6.2017  p. 12). 11 Regulation (EU) No 575/2013 of the European Parliament and of the Council of 26 June 2013 on prudential requirements for credit institutions and investment firms and amending Regulation (EU) No 648/2012 (OJ L 176  27.6.2013  p. 1). 17 120. The undertaking may incorporate information by reference to the documents  or part of the documents  listed in paragraph 119  provided that the disclosures incorporated by reference: (a) constitute a separate element of information and are clearly identified in the document concerned as addressing the relevant Disclosure Requirement  or the relevant specific datapoint prescribed by a Disclosure Requirement; (b) are published before or at the same time as the management report; (c) are in the same language as the sustainability statement; (d) are subject to at least the same level of assurance as the sustainability statement; and (e) meet the same technical digitalisation requirements as the sustainability statement. 121. Provided that the conditions established in paragraph 120 are met  information prescribed by a",ESRS_201_20Delegated-act-2023-5303-annex-1_en.pdf,11,36,ESRS 2 MDR-P; and
Disclosure_Disclosure_Requirement_of_an_ESRS_including_a_specific_datapoint_prescribed_by_a_Disclosure_Require,Disclosure Requirement of an ESRS  including a specific datapoint prescribed by a Disclosure Requirement  may be incorpo,Disclosure,Disclosure Requirement of an ESRS  including a specific datapoint prescribed by a Disclosure Require,"Disclosure Requirement of an ESRS  including a specific datapoint prescribed by a Disclosure Requirement  may be incorporated in the sustainability statement by reference to the undertaking’s report prepared according to EU Eco-Management and Audit Scheme (EMAS) Regulation (EU) No 1221/2009 12 . In this case  the undertaking shall ensure that the information incorporated by reference is produced using the same basis for preparation of ESRS information  including scope of consolidation and treatment of value chain information. 122. In the preparation of its sustainability statement using incorporation by reference  the undertaking shall consider the overall cohesiveness of the reported information and ensure that the incorporation by reference does not impair the readability of the sustainability statement. Appendix G Example of incorporation by reference of this Standard is an illustrative example of incorporation by reference (See ESRS 2 BP-2). 9.2     Connected information and connectivity with financial statements 123. The undertaking shall describe the relationships between different pieces of information. Doing so could require connecting narrative information on governance  strategy and risk management to related metrics and targets . For example  in providing connected information  the undertaking may need to explain the effect or likely effect of its strategy on its financial statements or financial plans  or explain how its strategy relates to metrics and targets used to measure progress against performance. Furthermore  the undertaking may need to explain how its use of natural resources and changes within its supply chain could amplify  change or reduce its material impacts, risks and opportunities. It may need to link this information to information about current or anticipated financial effects on its production costs  to its strategic response to mitigate such impacts or risks  and to its related investment in new assets. The undertaking may also need to link narrative information to the related metrics and targets and to information in the financial statements. Information that describes connections shall be clear and concise. 124. When the sustainability statement includes monetary amounts or other quantitative data points that exceed a threshold of materiality and that are presented in the financial statements (direct connectivity between information disclosed in sustainability statement and information disclosed in financial statements)  the undertaking shall include a reference to the relevant paragraph of its financial statements where the corresponding information can be found. 125. The sustainability statement may include monetary amounts or other quantitative datapoints that exceed a threshold of materiality and that are either an aggregation of  or a part of monetary amounts or quantitative data presented in the undertaking’s financial statements (indirect connectivity between information disclosed in sustainability statement and information disclosed in financial statements). If this is the case  the undertaking shall explain how these amounts or datapoints in the sustainability statement relate to the most relevant amounts presented in the financial statements. This disclosure shall include a reference to the line item and/or to the relevant paragraphs of its financial statements where the corresponding 12 Regulation (EC) No 1221/2009 of the European Parliament and of the Council of 25 November 2009 on the voluntary participation by organisations in a Community eco-management and audit scheme (EMAS)  repealing Regulation (EC) No 761/2001 and Commission Decisions 2001/681/EC and 2006/193/EC (OJ L 342  22.12.2009  p. 1). 18 information can be found. Where appropriate  a reconciliation may be provided  and it may be presented in a tabular form. 126. In the case of information not covered by paragraphs 124 and 125  the undertaking shall explain based on a threshold of materiality  the consistency of significant data  assumptions  and qualitative information included in its sustainability statement with the corresponding data assumptions and qualitative information included in the financial statements. This may occur when the sustainability statement includes: (a) monetary amounts or other quantitative data linked to monetary amounts or other quantitative data presented in the financial statements; or (b) qualitative information linked to qualitative information presented in the financial statements. 127. Consistency as required by paragraph 126 shall be at the level of a single datapoint and shall include a reference to the relevant line item or paragraph of notes to the financial statements. When significant data  assumptions and qualitative information are not consistent  the undertaking shall state that fact and explain the reason. 128. Examples of items for which the explanation in paragraph 126 is required  are: (a) when the same metric is presented as of the reporting date in financial statements and as a forecast for future periods in the sustainability statement ; and (b) when macroeconomic or business projections are used to develop metrics in the sustainability statement and they are also relevant in estimating the recoverable amount of assets  the amount of liabilities or provisions in financial statements. 129. Topical and sector-specific ESRS may include requirements to include reconciliations or to illustrate consistency of data and assumptions for specific Disclosure Requirements. In such cases  the requirements in those ESRS shall prevail. 10      Transitional provisions 10.1    Transitional provision related to entity-specific disclosures 130. The extent to which sustainability matters are covered by ESRS is expected to evolve as further Disclosure Requirements are developed. Therefore  the need for entity-specific disclosures is likely to decrease over time  in particular as a result of the future adoption of sector specific standards. 131. When defining its entity-specific disclosures  the undertaking may adopt transitional measures for their preparation in the first three annual sustainability statements under which it may as a priority: (a) introduce in its reporting those entity-specific disclosures that it reported in prior periods if these disclosures meet or are adapted to meet the qualitative characteristics of information referred to under chapter 2 of this Standard; and (b) complement its disclosures prepared on the basis of the topical ESRS with an appropriate set of additional disclosures to cover sustainability matters that are material for the undertaking in its sector(s)  using available best practice and/or available frameworks or reporting standards  such as IFRS industry-based guidance and GRI Sector Standards. 132. For the first 3 years of the undertaking’s sustainability reporting under the ESRS  in the event that not all the necessary information regarding its upstream and downstream value chain is available  the undertaking shall explain the efforts made to obtain the necessary information about its upstream and downstream value chain  the reasons why not all of the necessary information could be obtained  and its plans to obtain the necessary information in the future. 19 133. For the first 3 years of its sustainability reporting under the ESRS  in order to take account of the difficulties that undertakings may encounter in gathering information from actors throughout their value chain and in order to limit the burden for SMEs in the value chain: (a) when disclosing information on policies, actions and targets in accordance with ESRS2 and other ESRS  the undertaking may limit upstream and downstream value chain information to information available in-house such as data already available to the undertaking and publicly available information; and (b) when disclosing metrics the undertaking is not required to include upstream and downstream value chain information  except for datapoints derived from other EU legislation  as listed in ESRS 2 Appendix B. 134. Paragraphs 132 and 133 apply irrespective of whether or not the relevant actor in the value chain is an SME. 135. Starting from the fourth year of its reporting under the ESRS  the undertaking shall include upstream and/or downstream value chain information according to paragraph 63. In this context  the information required by ESRS to be obtained from SME undertakings in the undertaking’s upstream and/or downstream value chain will not exceed the content of the future ESRS for listed SMEs. 10.3  Transitional provision related to section 7.1 Presenting comparative information 136. To ease the first-time application of this Standard  the undertaking is not required to disclose the comparative information required by section 7.1 Presenting comparative information in the first year of preparation of the sustainability statement under the ESRS. For disclosure requirements listed in Appendix C List of phased-in Disclosure Requirements this transitional provision applies with reference to the first year of mandatory application of the phased-in disclosure requirement. 10.4  Transitional provision: List of Disclosure Requirements that are phased-in 137. Appendix C List of phased-in Disclosure Requirements in this Standard sets phase-in provisions for the Disclosure Requirements or datapoints of Disclosure Requirements in ESRS that may be omitted or that are not applicable in the first year(s) of preparation of the sustainability statement under the ESRS. Appendix A: Application Requirements This appendix is an integral part of ESRS 1 and has the same authority as the other parts of the Standard. Entity specific disclosures AR 1.  The entity-specific disclosures shall enable users to understand the undertaking’s impacts, risks and opportunities in relation to environmental  social or governance matters. AR 2.  When developing entity-specific disclosures  the undertaking shall ensure that: (a) the disclosures meet the qualitative characteristics of information as set out in chapter 2 Qualitative characteristics of information ; and (b) its disclosures include  where applicable  all material information related to the reporting areas of governance; strategy; impact, risk and opportunity management; and metrics and targets (see ESRS 2 chapters 2 to 5). 20 AR 3.  When determining the usefulness of metrics for inclusion in its entity-specific disclosures  the undertaking shall consider whether: (a) its chosen performance metrics provide insight into: i. how effective its practices are in reducing negative outcomes and/or increasing positive outcomes for people and the environment (for impacts); and/or ii. the likelihood that its practices result in financial effects on the undertaking (for risks and opportunities ); (b) the measured outcomes are sufficiently reliable  meaning that they do not involve an excessive number of assumptions and unknowns that would render the metrics too arbitrary to provide a faithful representation; and (c) it has provided sufficient contextual information to interpret performance metrics appropriately  and whether variations in such contextual information may impact the comparability of the metrics over time. AR 4.  When developing its entity-specific disclosures  the undertaking shall carefully consider: (a) comparability between undertakings  while still ensuring relevance of the information provided  recognising that comparability may be limited for entity- specific disclosures. The undertaking shall consider whether the available and relevant frameworks initiatives  reporting standards and benchmarks (such as technical material issued by the International Sustainability Standards Board or the Global Reporting Initiative) provide elements that can support comparability to the maximum extent possible; and (b) comparability over time: consistency of methodologies and disclosures is a key factor for achieving comparability over time. AR 5. Further guidance for developing entity-specific disclosures can be found by considering the information required under topical ESRS that addresses similar sustainability matters. Double materiality AR 6.  In addition to the categories of stakeholder listed in paragraph 22  common categories of stakeholders are: employees and other workers suppliers consumers customers end- users local communities and persons in vulnerable situations  and public authorities  including regulators  supervisors and central banks. AR 7.  Nature may be considered as a silent stakeholder . In this case  ecological data and data on the conservation of species may support the undertaking’s materiality assessment. AR 8. Materiality assessment is informed by dialogue with affected stakeholders. The undertaking may engage with affected stakeholders or their representatives (such as employees or trade unions)  along with users of sustainability reporting and other experts  to provide inputs or feedback on its conclusions regarding its material impacts, risks and opportunities . Assessment of impact materiality AR 9. In assessing impact materiality and determining the material matters to be reported  the undertaking shall consider the following three steps: (a) understanding of the context in relation to its impacts including its activities  business relationships  and stakeholders ; (b) identification of actual and potential impacts (both negative and positive)  including through engaging with stakeholders and experts. In this step  the undertaking may rely on scientific and analytical research on impacts on sustainability matters ; (c) assessment of the materiality of its actual and potential impacts and determination of the material matters. In this step  the undertaking shall adopt thresholds to determine which of the impacts will be covered in its sustainability statement . 21 AR 10. The severity is determined by the following factors: (a) scale: how grave the negative impact is or how beneficial the positive impact is for people or the environment; (b) scope: how widespread the negative or positive impacts are. In the case of environmental impacts  the scope may be understood as the extent of environmental damage or a geographical perimeter. In the case of impacts on people  the scope may be understood as the number of people adversely affected; and (c) irremediable character: whether and to what extent the negative impacts could be remediated i.e.  restoring the environment or affected people to their prior state. AR 11. Any of the three characteristics (scale  scope  and irremediable character) can make a negative impact severe. In the case of a potential negative human rights impact  the severity of the impact takes precedence over its likelihood. Impacts connected with the undertaking AR 12. As an illustration: (a) if the undertaking uses cobalt in its products that is mined using child labour  the negative impact (i.e.  child labour) is connected with the undertaking’s products through the tiers of business relationships in its upstream value chain. These relationships include the smelter and minerals trader and the mining enterprise that uses child labour; and (b) if the undertaking provides financial loans to an enterprise for business activities that in breach of agreed standards  result in the contamination of water and land surrounding the operations  this negative impact is connected with the undertaking through its relationship with the enterprise it provides the loans to. Assessment of financial materiality AR 13. The following are examples of how impacts and dependencies are sources of risks or opportunities : (a) when the undertaking’s business model depends on a natural resource – for example water – it is likely to be affected by changes in the quality  availability and pricing of that resource; (b) when the undertaking’s activities result in negative impacts  e.g.  on local communities the activities could become subject to stricter government regulation and/or the impact could trigger consequences of a reputational nature. These might have negative effects on the undertaking’s brand and higher recruitment costs might arise; and (c) when the undertaking’s business partners face material sustainability-related risks  the undertaking could be exposed to related consequences as well. AR 14. The identification of risks and opportunities that affect or could reasonably be expected to affect the undertaking’s financial position  financial performance  cash flows  access to finance or cost of capital over the short-  medium- or long-term is the starting point for financial materiality assessment. In this context  the undertaking shall consider: (a) the existence of dependencies on natural and social resources as sources of financial effects (see paragraph 50); (b) their classification as sources of: i. risks (contributing to negative deviation in future expected cash inflows or increase in deviation in future expected cash outflows and/or negative deviation from an expected change in capitals not recognised in the financial statements); or ii. opportunities (contributing to positive deviation in future expected cash inflows or decrease in deviation in future cash outflows and/or positive deviation from expected change in capitals not recognised in financial statements). 22 AR 15. Once the undertaking has identified its risks and opportunities it shall determine which of them are material for reporting. This shall be based on a combination of (i) the likelihood of occurrence and (ii) the potential magnitude of financial effects determined on the basis of appropriate thresholds. In this step it shall consider the contribution of those risks and opportunities to financial effects in the short-  medium- and long-term based on: (a) scenarios /forecasts that are deemed likely to materialise; and (b) potential financial effects related to sustainability matters deriving either from situations with a below the “more likely than not” threshold or assets/liabilities not  or not yet  reflected in financial statements. This includes: i. potential situations that following the occurrence of future events may affect cash flow generation potential; ii. capitals that are not recognised as assets from an accounting and financial reporting perspective but have a significant influence on financial performance  such as natural intellectual (organisational)  human  social and relationship capitals; and iii. possible future events that may have an influence on the evolution of such capitals. Sustainability matters to be included in the materiality assessment AR 16. When performing its materiality assessment  the undertaking shall consider the following list of sustainability matters covered in the topical ESRS. When  as a result of the undertaking’s materiality assessment (see ESRS 2 IRO-1)  a given sustainability matter in this list is assessed to be material  the undertaking shall report according to the corresponding Disclosure Requirements of the relevant topical ESRS. Using this list is not a substitute for the process of determining material matters. This list is a tool to support the undertaking’s materiality assessment. The undertaking still needs to consider its own specific circumstances when determining its material matters. The undertaking  where necessary  also shall develop entity- specific disclosures on material impacts risks and opportunities not covered by ESRS as described in paragraph 11 of this Standard. 23 24 25 Corruption and bribery Prevention and detection including training  Incidents AR 17. When the undertaking cannot collect upstream and downstream value chain information as required by paragraph 63 after making reasonable efforts to do so  it shall estimate the information to be reported using all reasonable and supportable information that is available to the undertaking at the reporting date without undue cost or effort. This includes  but is not limited to  internal and external information  such as data from indirect sources  sectoraverage data sample analyses  market and peer groups data  other proxies or spend-based data. Content and structure of the sustainability statement AR 18. As an illustration for paragraph 115 in section 8.2 Content and structure of the sustainability statement of this Standard  the undertaking that covers environmental and social matters in the same policy may cross-refer. That means that the undertaking may report on the policy in its environmental disclosures and cross-refer to it from the relevant social disclosures or vice versa. Consolidated presentation of policies across topics is allowed. Appendix B: Qualitative characteristics of information This appendix is an integral part of ESRS 1 and has the same authority as the other parts of the Standard. This appendix defines the qualitative characteristics that the information presented in the sustainability statement prepared according to ESRS shall meet. QC 1.  Sustainability information is relevant when it may make a difference in the decisions of users under a double materiality approach (see chapter 3 of this Standard). QC 2.  Information may make a difference in a decision even if some users choose not to take advantage of it or are already aware of it from other sources. Sustainability information may impact decisions of users if it has predictive value  confirmatory value or both. Information has predictive value if it can be used as an input to processes employed by users to predict future outcomes. Sustainability information does not need to be a prediction or forecast to have predictive value  but rather has predictive value if employed by users in making their own predictions. QC 3.  Information has confirmatory value if it provides feedback about (confirms or changes) previous evaluations. QC 4.  Materiality is an entity-specific aspect of relevance based on the nature or magnitude  or both of the items to which the information relates  as assessed in the context of the undertaking’s sustainability reporting (see chapter 3 of this Standard). Faithful representation QC 5.  To be useful  the information must not only represent relevant phenomena  it must also faithfully represent the substance of the phenomena that it purports to represent. Faithful representation requires information to be (i) complete  (ii) neutral and (iii) accurate. 26 QC 6.  A complete depiction of an impact  a risk or an opportunity includes all material information necessary for the users to understand that impact  risk or opportunity. This includes how the undertaking has adapted its strategy  risk management and governance in response to that impact  risk or opportunity  as well as the metrics identified to set targets and measure performance. QC 7.  A neutral depiction is without bias in its selection or disclosure of information. Information is neutral if it is not slanted  weighted  emphasised  de-emphasised or otherwise manipulated to make it more likely that the users will receive that information favourably or unfavourably. It shall be balanced  so as to cover favourable/positive and unfavourable/negative aspects. Both negative and positive material impacts from an impact materiality perspective as well as material risks and opportunities from a financial materiality perspective shall receive equal attention. Any aspirational sustainability information  for example targets or plans  shall cover both aspirations and factors that could prevent the undertaking from achieving these aspirations in order to have a neutral depiction. QC 8.  Neutrality is supported by the exercise of prudence which is the exercise of caution when making judgements under conditions of uncertainty. Information shall not be netted or compensated to be neutral. The exercise of prudence means that opportunities are not overstated and risks are not understated. Equally  the exercise of prudence does not allow for the understatement of opportunities or the overstatement of risks. The undertaking may present net information  in addition to gross values  if such presentation does not obscure relevant information and includes a clear explanation about the effects of the netting and the reasons for the netting. QC 9. Information can be accurate without being perfectly precise in all respects. Accurate information implies that the undertaking has implemented adequate processes and internal controls to avoid material errors or material misstatements. As such  estimates shall be presented with a clear emphasis on their possible limitations and associated uncertainty (see section 7.2 of this Standard). The amount of precision needed and attainable  and the factors that make information accurate  depend on the nature of the information and the nature of the matters it addresses. For example  accuracy requires that: (a) factual information is free from material error; (b) descriptions are precise; (c) estimates  approximations and forecasts are clearly identified as such; (d) no material errors have been made in selecting and applying an appropriate process for developing an estimate  approximation or forecast  and the inputs to that process are reasonable and supportable; (e) assertions are reasonable and based on information of sufficient quality and quantity; and (f) information about judgements about the future faithfully reflects both those judgements and the information on which they are based. Comparability QC 10. Sustainability information is comparable when it can be compared with information provided by the undertaking in previous periods and  can be compared with information provided by other undertakings  in particular those with similar activities or operating within the same industry. A point of reference for comparison can be a target  a baseline  an industry benchmark comparable information from either other undertakings or from an internationally recognised organisation  etc. QC 11. Consistency is related to  but is not the same as  comparability. Consistency refers to the use of the same approaches or methods for the same sustainability matter  from period to period by the undertaking and other undertakings. Consistency helps to achieve the goal of comparability. QC 12. Comparability is not uniformity. For information to be comparable  like components shall look alike and different components shall look different. Comparability of sustainability information is not enhanced by making unlike things look alike any more than it is enhanced by making like things look different. 27 QC 13. Verifiability helps to give users confidence that information is complete  neutral and accurate. Sustainability information is verifiable if it is possible to corroborate the information itself or the inputs used to derive it. QC 14. Verifiability means that various knowledgeable and independent observers could reach consensus  although not necessarily complete agreement  that a particular depiction is a faithful representation. Sustainability information shall be provided in a way that enhances its verifiability  for example: (a) including information that can be corroborated by comparing it with other information available to users about the undertaking’s business  about other businesses or about the external environment; (b) providing information about inputs and methods of calculation used to produce estimates or approximations; and (c) providing information reviewed and agreed by the administrative, management and supervisory bodies or their committees. QC 15. Some sustainability information will be in the form of explanations or forward-looking information. Those disclosures can be supportable by faithfully representing on a factual basis for example the strategies  plans and risk analyses of the undertaking. To help users decide whether to use such information  the undertaking shall describe the underlying assumptions and methods of producing the information  as well as other factors that provide evidence that it reflects the actual plans or decisions made by the undertaking. Understandability QC 16. Sustainability information is understandable when it is clear and concise. Understandable information enables any reasonably knowledgeable user to readily comprehend the information being communicated. QC 17. For sustainability disclosures to be concise  they need to (a) avoid generic “boilerplate” information  which is not specific to the undertaking; (b) avoid unnecessary duplication of information  including information also provided in financial statements; and (c) use clear language and well-structured sentences and paragraphs. Concise disclosures shall only include material information. Complementary information presented pursuant to paragraph 113 shall be provided in a way that avoids obscuring material information. QC 18. Clarity might be enhanced by distinguishing information about developments in the reporting period from “standing” information that remains relatively unchanged from one period to the next. This can be done  for example  by separately describing features of the undertaking’s sustainability-related governance and risk management processes that have changed since the previous reporting period compared to those that remain unchanged. QC 19. The completeness  clarity and comparability of sustainability disclosures all rely on information being presented as a coherent whole. For sustainability disclosures to be coherent  they shall be presented in a way that explains the context and the connections between the related information. Coherence also requires the undertaking to provide information in a way that allows users to relate information about its sustainability-related impacts, risks and opportunities to information in the undertaking’s financial statements. QC 20. If sustainability-related risks and opportunities discussed in the financial statements have implications for sustainability reporting  the undertaking shall include in the sustainability statement the information necessary for users to assess those implications and present appropriate links to the financial statements (see chapter 9 of this Standard). The level of information  granularity and technicality shall be aligned with the needs and expectations of users. Abbreviations shall be avoided and the units of measure shall be defined and disclosed. 28 This appendix is an integral part of ESRS 1 and has the same authority as the other parts of the Standard. 29 30 This appendix is an integral part of ESRS 1 and has the same authority as the other parts of the Standard with respect to reporting in four parts as outlined in paragraph 115. 31 Materiality assessment is the starting point for sustainability reporting under ESRS. This appendix provides a non-binding illustration of the impact- and financial materiality assessment outlined in chapter 3. IRO-1 in section 4.1 of ESRS 2 includes general disclosure requirements (DR) about the undertaking’s process to identify impacts  risks and opportunities and assess their materiality. SBM-3 of ESRS 2 provides general disclosures requirements on the material impact  risks and opportunities resulting from the undertaking’s materiality assessment. The undertaking can omit all disclosure requirements in a topical standard if it assessed that the topic in question is not material. In that case it may disclose a brief explanation of the conclusions of the materiality assessment for that topic but shall disclose a detailed explanation in the case of ESRS E1 climate change (IRO-2 ESRS 2). ESRS set disclosure requirements  not behavioral requirements. Disclosure requirements in relation to action plans targets policies scenario analysis and transition plans are proportionate because they are contingent on the undertaking having these  which may depend on the size  capacity  resources  and skills of the undertaking. Note: The flowchart below does not cover the situation in which the undertaking assesses a sustainability matter as material but it is not covered by a topical standard, in which case the undertaking shall make additional entity specific disclosures (ESRS 1 (30 (b)). 32 The undertaking can omit all disclosure requirements of the topical standard. But shall in case of ESRS E1 C limate change , disclose a detailed explanation of why climate change is not material and may d isclose a brief explanation in the case of other topical standards ESRS1 ( 32) Perform the impact and financial materiality assessment (informed by the table in AR 16 in Appendix A) Is the topic covered by a topical standard material? No Yes The undertaking shall disclose this to be the case and may report a timeframe in which it aims to have these in place (ESRS1 33) For metrics Has the undertaking established policies , taken actions or set targets for the topic? No Yes Is the Disclosure Requirement (DR) material? The undertaking does not have to disclose the DRs or related Data Points (DP) No Yes Is the individual Data Point (DP) material? The undertaking does not have to disclose th e Data Point (ESRS1 para 34 (b )) No Yes D isclose the Data Points from the topical standard in conjunction with the relevant DRs of ESRS 2 (see ESRS 2 Appendix C ). The undertaking shall disclose the information required by the DP )) ESRS1 para 34 (a ( 33 This appendix complements ESRS 1. It provides a non-binding illustration of the structure of the sustainability statement outlined in section 8.2 of this Standard. In this illustration  the undertaking has concluded that biodiversity and ecosystems  pollution  and affected communities  are not material. 34 This appendix complements ESRS 1. It provides non-binding illustrations of incorporation by reference of another section of the management report into the sustainability statement as outlined in section 9.1 of this Standard. ➢ Strategy and business ( ESRS 2 SBM - 1 paragraph 3 8 ) - Strategy, business model, and value chain … separate ( elements of information clearly identified as addressing the ESRS 2 SBM - 1) … - … Sustainability statement 1. General information Disclosures incorporated by reference The following information is incorporated by reference to other parts of the management report: - Market position, strategy, business model, and value chain – ( ESRS 2 SBM - 1 paragraph 3 8 ) - … 2. Environmental information 3. Social information 4. Governance information 35",ESRS_201_20Delegated-act-2023-5303-annex-1_en.pdf,19,36,Disclosure Requirement of an ESRS  including a specific datapoint prescribed by a Disclosure Requirement  may be incorpo
Framework_ESRS_202_20Delegated_act_2023_5303_annex_1_en_pdf,ESRS_202_20Delegated-act-2023-5303-annex-1_en,Framework,ESRS,,ESRS_202_20Delegated-act-2023-5303-annex-1_en.pdf,,,
Topic_ESRS_2,ESRS 2 Standard,Topic,ESRS 2,,ESRS_202_20Delegated-act-2023-5303-annex-1_en.pdf,1,32,ESRS 2 Standard
Topic_ESRS_2,ESRS 2 GENERAL DISCLOSURES Table of contents,Topic,ESRS 2,,ESRS_202_20Delegated-act-2023-5303-annex-1_en.pdf,1,32,ESRS 2 GENERAL DISCLOSURES Table of contents
Disclosure_Disclosure_Requirement_GOV_1_The_role_of_the_administrative_management_and_supervisory_bodies_Dis,"Disclosure Requirement GOV-1 – The role of the administrative, management and supervisory bodies Disclosure Requirement ",Disclosure,"Disclosure Requirement GOV-1 – The role of the administrative, management and supervisory bodies Dis","Disclosure Requirement GOV-1 – The role of the administrative, management and supervisory bodies Disclosure Requirement GOV-2 – Information provided to and sustainability matters addressed by the undertaking’s administrative, management and supervisory bodies Disclosure Requirement GOV-3 - Integration of sustainability-related performance in incentive schemes Disclosure Requirement GOV-4 - Statement on due diligence Disclosure Requirement GOV-5 - Risk management and internal controls over sustainability reporting 3. Strategy",ESRS_202_20Delegated-act-2023-5303-annex-1_en.pdf,1,1,"Disclosure Requirement GOV-1 – The role of the administrative, management and supervisory bodies Disclosure Requirement "
Disclosure_Disclosure_Requirement_SBM_1_Strategy_business_model_and_value_chain_Disclosure_Requirement_SBM_2,"Disclosure Requirement SBM-1 – Strategy, business model and value chain Disclosure Requirement SBM-2 – Interests and vie",Disclosure,"Disclosure Requirement SBM-1 – Strategy, business model and value chain Disclosure Requirement SBM-2","Disclosure Requirement SBM-1 – Strategy, business model and value chain Disclosure Requirement SBM-2 – Interests and views of stakeholders Disclosure Requirement SBM-3 - Material impacts, risks and opportunities and their interaction with strategy and business model  4. Impact, risk and opportunity management 4.1 Disclosures on the materiality assessment process",ESRS_202_20Delegated-act-2023-5303-annex-1_en.pdf,1,1,"Disclosure Requirement SBM-1 – Strategy, business model and value chain Disclosure Requirement SBM-2 – Interests and vie"
Disclosure_Disclosure_Requirement_IRO_1_Description_of_the_processes_to_identify_and_assess,Disclosure Requirement IRO-1 - Description of the processes to identify and assess,Disclosure,Disclosure Requirement IRO-1 - Description of the processes to identify and assess,Disclosure Requirement IRO-1 - Description of the processes to identify and assess,ESRS_202_20Delegated-act-2023-5303-annex-1_en.pdf,1,1,Disclosure Requirement IRO-1 - Description of the processes to identify and assess
Disclosure_Disclosure_Requirement_IRO_2_Disclosure_requirements_in_ESRS_covered_by_the,Disclosure Requirement IRO-2 – Disclosure requirements in ESRS covered by the,Disclosure,Disclosure Requirement IRO-2 – Disclosure requirements in ESRS covered by the,Disclosure Requirement IRO-2 – Disclosure requirements in ESRS covered by the,ESRS_202_20Delegated-act-2023-5303-annex-1_en.pdf,1,1,Disclosure Requirement IRO-2 – Disclosure requirements in ESRS covered by the
Requirement_2159775148917982487,Minimum disclosure requirement - Policies MDR-P – Policies a,Requirement,Minimum disclosure requirement - Policies MDR-P – Policies a,material sustainability matters 5. Metrics and targets Minimum disclosure requirement – Metrics MDR-M – Metrics in relation to material sustainability matters,ESRS_202_20Delegated-act-2023-5303-annex-1_en.pdf,1,1,Minimum disclosure requirement - Policies MDR-P – Policies a
Requirement_0,Minimum disclosure requirement – Targets MDR-T – Tracking ef,Requirement,Minimum disclosure requirement – Targets MDR-T – Tracking ef,,ESRS_202_20Delegated-act-2023-5303-annex-1_en.pdf,1,1,Minimum disclosure requirement – Targets MDR-T – Tracking ef
Disclosure_Disclosure_Requirement_BP_1_General_basis_for_preparation_of_the_sustainability,Disclosure Requirement BP-1 – General basis for preparation of the sustainability,Disclosure,Disclosure Requirement BP-1 – General basis for preparation of the sustainability,Disclosure Requirement BP-1 – General basis for preparation of the sustainability statement 2. Governance,ESRS_202_20Delegated-act-2023-5303-annex-1_en.pdf,1,1,Disclosure Requirement BP-1 – General basis for preparation of the sustainability
Disclosure_Disclosure_Requirement_GOV_1_The_role_of_the_administrative_management_and,"Disclosure Requirement GOV-1 – The role of the administrative, management and",Disclosure,"Disclosure Requirement GOV-1 – The role of the administrative, management and","Disclosure Requirement GOV-1 – The role of the administrative, management and addressed by the undertaking’s administrative, management and supervisory bodies Disclosure Requirement  GOV-3  – Integration of sustainability- related performance in     incentive schemes 1",ESRS_202_20Delegated-act-2023-5303-annex-1_en.pdf,1,1,"Disclosure Requirement GOV-1 – The role of the administrative, management and"
Disclosure_Disclosure_Requirement_GOV_4_Statement_on_due_diligence_Disclosure_Requirement_GOV_5_Risk_manage,Disclosure Requirement GOV-4 – Statement on due diligence Disclosure Requirement GOV-5 – Risk management and internal co,Disclosure,Disclosure Requirement GOV-4 – Statement on due diligence Disclosure Requirement GOV-5 – Risk manage,"Disclosure Requirement GOV-4 – Statement on due diligence Disclosure Requirement GOV-5 – Risk management and internal controls over sustainability reporting 3. Strategy Disclosure Requirement SBM–1 Strategy, business model and value chain Disclosure Requirement SBM-2 – Interests and views of stakeholders Disclosure Requirement SBM-3 - Material impacts, risks and opportunities and their interaction with strategy and business model 4. Impact, risk and opportunity management",ESRS_202_20Delegated-act-2023-5303-annex-1_en.pdf,2,2,Disclosure Requirement GOV-4 – Statement on due diligence Disclosure Requirement GOV-5 – Risk management and internal co
Disclosure_Disclosure_Requirement_IRO_2_Disclosure_requirements_in_ESRS_covered_by_the,Disclosure Requirement IRO-2 – Disclosure requirements in ESRS covered by the,Disclosure,Disclosure Requirement IRO-2 – Disclosure requirements in ESRS covered by the,Disclosure Requirement IRO-2 – Disclosure requirements in ESRS covered by the manage material sustainability matters Minimum Disclosure Requirement - Actions MDR-A – Actions and resources in relation to material sustainability matters 5. Metrics and targets,ESRS_202_20Delegated-act-2023-5303-annex-1_en.pdf,2,7,Disclosure Requirement IRO-2 – Disclosure requirements in ESRS covered by the
Requirement_-2006474297497156315,Minimum Disclosure Requirement - Targets MDR-T – Tracking ef,Requirement,Minimum Disclosure Requirement - Targets MDR-T – Tracking ef,actions through targets Appendix B: List of datapoints in cross-cutting and topical standards that derive from other EU legislation Appendix C: Disclosure/Application Requirements in topical ESRS that are applicable jointly with ESRS 2 General Disclosures,ESRS_202_20Delegated-act-2023-5303-annex-1_en.pdf,2,2,Minimum Disclosure Requirement - Targets MDR-T – Tracking ef
Requirement_-77317605089265466,Objective,Requirement,Objective,"1. This ESRS sets out the disclosure requirements that apply to all undertakings regardless of their sector of activity (i.e., sector agnostic) and apply across sustainability topics (i.e., crosscutting). This ESRS covers the reporting areas defined in ESRS 1 General requirements section 1.2 Cross-Cutting Standards and reporting areas . 2. In the preparation of disclosures under this Standard, the undertaking shall apply the Disclosure Requirements (including their datapoints) set in topical ESRS, as listed in Appendix C of this Standard Disclosure/Application Requirements in topical ESRS that are applicable jointly with ESRS 2 General Disclosures . The undertaking shall apply the requirements listed in Appendix C: (a) in all instances for the requirements in topical standards related to Disclosure Requirement IRO-1 Description of the processes to identify and assess material impacts , risks and opportunities ; and (b) for all other requirements listed in appendix C, only if the sustainability topic is material based on the undertaking’s materiality assessment (see ESRS 1 chapter 3 Double materiality as the basis for sustainability disclosures ). 3. The undertaking shall disclose the general basis for preparation of its sustainability statement. 4. The objective of this Disclosure Requirement is to provide an understanding of how the undertaking prepares its sustainability statement , including the scope of consolidation, the upstream and downstream value chain information and, where relevant, whether the undertaking has used any of the options for omitting information referred to in points d) and e) in the following paragraph. 5. The undertaking shall disclose the following information: 2 (a) whether the sustainability statement has been prepared on a consolidated or individual basis; (b) for consolidated sustainability statements: i. a confirmation that the scope of consolidation is the same as for the financial statements, or, where applicable, a declaration that the reporting undertaking is not required to draw-up financial statements or that the reporting undertaking is preparing consolidated sustainability reporting pursuant to Article 48i of Directive 2013/34/EU; and ii. where applicable, an indication of which subsidiary undertakings included in the consolidation are exempted from individual or consolidated sustainability reporting pursuant to Articles 19a(9) or 29a(8) of Directive 2013/34/EU; (c) to what extent the sustainability statement covers the undertaking’s upstream and downstream value chain (see ESRS 1 section 5.1 Reporting undertaking and value chain ); (d) whether the undertaking has used the option to omit a specific piece of information corresponding to intellectual property, know-how or the results of innovation (see ESRS 1 section 7.7 Classified and sensitive information and information on intellectual property, know-how or results of innovation ); and (e) for undertakings based in an EU member state that allows for the exemption from disclosure of impending developments or matters in the course of negotiation, as provided for in articles 19a(3) and 29a(3) of Directive 2013/34/EU, whether the undertaking has used that exemption. Disclosure Requirement BP-2 – Disclosures in relation to specific circumstances 6. The undertaking shall provide disclosures in relation to specific circumstances. 7. The objective of this Disclosure Requirement is to provide an understanding of the effect of these specific circumstances on the preparation of the sustainability statement . 8. The undertaking may report this information alongside the disclosures to which they refer. Time horizons 9. When the undertaking has deviated from the medium- or long-term time horizons defined by ESRS 1 section 6.4 Definition of short-, medium- and long-term for reporting purposes , it shall describe: (a) its definitions of medium- or long-term time horizons; and (b) the reasons for applying those definitions. 10. When metrics include upstream and/or downstream value chain data estimated using indirect sources, such as sector-average data or other proxies, the undertaking shall: (a) identify the metrics; (b) describe the basis for preparation; (c) describe the resulting level of accuracy; and (d) where applicable, describe the planned actions to improve the accuracy in the future (see ESRS 1 chapter 5 Value chain ). 11. In accordance with ESRS 1 section 7.2 Sources of estimation and outcome uncertainty , the undertaking shall: (a) identify the quantitative metrics and monetary amounts it has disclosed that are subject to a high level of measurement uncertainty; 3 (b) in relation to each quantitative metric and monetary amount identified: i. disclose information about the sources of measurement uncertainty (for example, the dependence of the amount on the outcome of a future event, on a measurement technique or on the availability and quality of data from the entity’s upstream and/or downstream value chain); and ii. disclose the assumptions, approximations and judgements the entity has made in measuring it. 12. When disclosing forward-looking information, the undertaking may indicate that it considers such information to be uncertain. Changes in preparation or presentation of sustainability information 13. When changes in the preparation and presentation of sustainability information occur compared to the previous reporting period(s), (see ESRS 1 section 7.4 Changes in preparation or presentation in sustainability information ), the undertaking shall: (a) explain the changes and the reasons for them, including why the replaced metric provides more useful information; (b) disclose revised comparative figures, unless it is impracticable to do so. When it is impracticable to adjust comparative information for one or more prior periods, the undertaking shall disclose that fact; and (c) disclose the difference between the figure disclosed in the preceding period and the revised comparative figure. Reporting errors in prior periods 14. When the undertaking identifies material prior period errors (see ESRS 1 section 7.5 Reporting errors in prior periods ), it shall disclose: (a) the nature of the prior period material error; (b) to the extent practicable, the correction for each prior period included in the sustainability statement; and (c) if correction of the error is not practicable, the circumstances that led to the existence of that condition. Disclosures stemming from other legislation or generally accepted sustainability reporting pronouncements 15. When the undertaking includes in its sustainability statement information stemming from other legislation which requires the undertaking to disclose sustainability information or from generally accepted sustainability reporting standards and frameworks (see ESRS 1 section 8.2 Content and structure of the sustainability statement ), in addition to the information prescribed by ESRS, it shall disclose this fact. In case of partial application of other reporting standards or frameworks, the undertaking shall provide a precise reference to the paragraphs of the standard or framework applied. Incorporation by reference 16. When the undertaking incorporates information by reference (see ESRS 1 section 9.1 Incorporation by reference ), it shall disclose a list of the disclosure requirements of ESRS, or the specific datapoints mandated by a Disclosure Requirement, that have been incorporated by reference. Use of phase-In provisions in accordance with Appendix C of ESRS 1 4 17. If an undertaking or group not exceeding on its balance sheet date the average number of 750 employees during the financial year decides to omit the information required by ESRS E4, ESRS S1, ESRS S2, ESRS S3 or ESRS S4 in accordance with Appendix C of ESRS 1, it shall nevertheless disclose whether the sustainability topics covered respectively by ESRS E4, ESRS S1, ESRS S2, ESRS S3 and ESRS S4 have been assessed to be material as a result of the undertaking’s materiality assessment. In addition, if one or more of these topics has been assessed to be material, the undertaking shall, for each material topic: (a) disclose the list of matters (i.e. topic, sub-topic or sub-sub-topic) in AR 16 ESRS 1 Appendix A that are assessed to be material and briefly describe how the undertaking’s business model and strategy take account of the impacts of the undertaking related to those matters. The undertaking may identify the matter at the level of topic, sub-topic or sub-sub-topic; (b) briefly describe any time-bound targets it has set related to the matters in question, the progress it has made towards achieving those targets, and whether its targets related to biodiversity and ecosystems are based on conclusive scientific evidence; (c) briefly describe its policies in relation to the matters in question; (d) briefly describe actions it has taken to identify, monitor, prevent, mitigate, remediate or bring an end to actual or potential adverse impacts related to the matters in question, and the result of such actions; and (e) disclose metrics relevant to the matters in question. 18. The objective of this chapter is to set disclosure requirements that enable an understanding of the governance processes, controls and procedures put in place to monitor, manage and oversee sustainability matters . Disclosure Requirement GOV-1 – The role of the administrative, management and supervisory bodies 19. The undertaking shall disclose the composition of the administrative, management and supervisory 20. The objective of this Disclosure Requirement is to provide an understanding of: (a) the composition and diversity of the administrative, management and supervisory bodies ; (b) the roles and responsibilities of the administrative, management and supervisory bodies in exercising oversight of the process to manage material impacts, risks and opportunities , including management’s role in these processes; and (c) the expertise and skills of its administrative, management and supervisory bodies on sustainability matters or access to such expertise and skills. 21. The undertaking shall disclose the following information about the composition and diversity of the members of the undertaking’s administrative, management and supervisory bodies: (a) the number of executive and non-executive members; (b) representation of employees and other workers; (c) experience relevant to the sectors, products and geographic locations of the undertaking; (d) percentage by gender and other aspects of diversity that the undertaking considers. The board's gender diversity 1 shall be calculated as an average ratio of female to male board members; and 1 This information supports the information needs of: financial market participants subject to Regulation (EU) 2019/2088 because it is derived from an additional indicator related to principal adverse impacts set out by indicator #13 in Table I of Annex I of Commission Delegated Regulation (EU) 2022/1288 of 6 April 2022 supplementing Regulation (EU) 2019/2088 of the European Parliament and of the Council with 5 (e) the percentage of independent board members 2 . oor undertakings with a unitary board, this corresponds to the percentage of independent non-executive board members. oor undertakings with a dual board, it corresponds to the percentage of independent members of the supervisory body. 22. The undertaking shall disclose the following information about the roles and responsibilities of the administrative, management and supervisory bodies : (a) the identity of the administrative, management and supervisory bodies (such as a board committee or similar) or individual(s) within a body responsible for oversight of impacts, risks and opportunities ; (b) how each body’s or individual’s responsibilities for impacts, risks and opportunities are reflected in the undertaking’s terms of reference, board mandates and other related policies ; (c) a description of management’s role in the governance processes, controls and procedures used to monitor, manage and oversee impacts, risks and opportunities, including: i. whether that role is delegated to a specific management-level position or committee and how oversight is exercised over that position or committee; ii. information about the reporting lines to the administrative, management and supervisory bodies; iii. whether dedicated controls and procedures are applied to the management of impacts, risks and opportunities and, if so, how they are integrated with other internal functions; and (d) how the administrative, management and supervisory bodies and senior executive management oversee the setting of targets related to material impacts, risks and opportunities, and how they monitor progress towards them. 23. The disclosure shall include a description of how the administrative, management and supervisory bodies determine whether appropriate skills and expertise are available or will be developed to oversee sustainability matters , including: (a) the sustainability-related expertise that the bodies, as a whole, either directly possess or can leverage, for example through access to experts or training; and (b) how those skills and expertise relate to the undertaking's material impacts, risks and opportunities. Disclosure Requirement GOV-2 – Information provided to and sustainability matters addressed by the undertaking’s administrative, management and supervisory bodies 24. The undertaking shall disclose how the administrative, management and supervisory bodies are 25. The objective of this Disclosure Requirement is to provide an understanding of how administrative, management and supervisory bodies are informed about sustainability matters , as well as what information and matters they addressed during the reporting period. This in turn allows an understanding of whether the members of these bodies were adequately informed and whether they were able to fulfil their roles. 26. The undertaking shall disclose the following information: (a) whether, by whom and how frequently the administrative, management and supervisory bodies , including their relevant committees, are informed about material impacts, risks and opportunities (see Disclosure Requirement IRO–1 - Description of the processes to identify and assess material regard to disclosures rules on sustainable investments (“Board gender diversity”) and benchmark administrators to disclose ESG factors subject to Commission Delegated Regulation (EU) 2020/1816 of 17 July 2020 supplementing Regulation (EU) 2016/1011 of the European Parliament and of the Council as set out by indicator “Weighted average ratio of female to male board members” in section 1 and 2 of Annex II. 2 This information supports the information needs of benchmark administrators to disclose ESG factors subject to Regulation (EU) 2020/1816 as set out by indicator “Weighted average percentage of board members who are independent” in section I of Annex II. 6 impacts, risks and opportunities of this Standard), the implementation of due diligence, and the results and effectiveness of policies, actions, metrics and targets adopted to address them; (b) how the administrative, management and supervisory bodies consider impacts, risks and opportunities when overseeing the undertaking’s strategy, its decisions on major transactions, and its risk management process, including whether they have considered trade-offs associated with those impacts, risks and opportunities; and (c) a list of the material impacts, risks and opportunities addressed by the administrative, management and supervisory bodies, or their relevant committees during the reporting period. Disclosure Requirement GOV-3 – Integration of sustainability-related performance in incentive schemes 27. The undertaking shall disclose information about the integration of its sustainabilityrelated 28. The objective of this Disclosure Requirement is to provide an understanding of whether incentive schemes are offered to members of the administrative, management and supervisory bodies that are linked to sustainability matters . 29. The undertaking shall disclose the following information about the incentive schemes and remuneration policies linked to sustainability matters for members of the undertaking's administrative, management and supervisory bodies , where they exist: (a) a description of the key characteristics of the incentive schemes; (b) whether performance is being assessed against specific sustainability-related targets and/or impacts, and if so, which ones; (c) whether and how sustainability-related performance metrics are considered as performance benchmarks or included in remuneration policies; (d) the proportion of variable remuneration dependent on sustainability-related targets and/or impacts; and (e) the level in the undertaking at which the terms of incentive schemes are approved and updated. Disclosure Requirement GOV–4 - Statement on due diligence 30. The undertaking shall disclose a mapping of the information provided in its sustainability 31. The objective of this Disclosure Requirement is to facilitate an understanding of the undertaking’s due diligence process with regard to sustainability matters . 32. The main aspects and steps of due diligence referred to under ESRS 1 chapter 4 Due diligence are related to a number of cross-cutting and topical Disclosure Requirements under the ESRS. The undertaking shall provide a mapping that explains how and where its application of the main aspects and steps of the due diligence process are reflected in its sustainability statement, to allow a depiction of the actual practices of the undertaking with regard to due diligence 3 . 33. This disclosure requirement does not mandate any specific behavioural requirements with regard to due diligence actions and does not extend or modify the role of administrative, management and supervisory bodies as mandated by other legislation or regulation. 3 This information supports the information needs of financial market participants subject to Regulation (EU) 2019/2088 because it is derived from an additional indicator related to principal adverse impacts as set out by indicator #10 in Table III 7",ESRS_202_20Delegated-act-2023-5303-annex-1_en.pdf,2,7,Objective
Disclosure_Disclosure_Requirement_GOV_5_Risk_management_and_internal_controls_over_sustainability_reporting,Disclosure Requirement GOV–5 - Risk management and internal controls over sustainability reporting,Disclosure,Disclosure Requirement GOV–5 - Risk management and internal controls over sustainability reporting,"Disclosure Requirement GOV–5 - Risk management and internal controls over sustainability reporting 34. The undertaking shall disclose the main features of its risk management and internal control system 35. The objective of this Disclosure Requirement is to provide an understanding of the undertaking’s risk management and internal control processes in relation to sustainability reporting. 36. The undertaking shall disclose the following information: (a) the scope, main features and components of the risk management and internal control processes and systems in relation to sustainability reporting; (b) the risk assessment approach followed, including the risk prioritisation methodology; (c) the main risks identified and their mitigation strategies including related controls; (d) a description of how the undertaking integrates the findings of its risk assessment and internal controls as regards the sustainability reporting process into relevant internal functions and processes; and (e) a description of the periodic reporting of the findings referred to in point (d) to the administrative, management and supervisory bodies . 37. This chapter sets disclosure requirements that enable an understanding of: (a) the elements of the undertaking’s strategy that relate to or affect sustainability matters , its business model and its value chain ; (b) how the interests and views of the undertaking’s stakeholders are taken into account by the undertaking’s strategy and business model; and (c) the outcome of the undertaking’s assessment of material impacts, risks and opportunities , including how they inform its strategy and business model. Disclosure Requirement SBM-1 – Strategy, business model and value chain 38. The undertaking shall disclose the elements of its strategy that relate to or impact sustainability matters, its business model and its value chain. 39. The objective of this Disclosure Requirement is to describe the key elements of the undertaking’s general strategy that relate to or affect sustainability matters , and the key elements of the undertaking’s business model and value chain , in order to provide an understanding of its exposure to impacts, risks and opportunities and where they originate. 40. The undertaking shall disclose the following information about the key elements of its general strategy that relate to or affect sustainability matters : (a) a description of: i. significant groups of products and/or services offered, including changes in the of Annex I of Commission Delegated Regulation (EU) 2022/1288 with regard to disclosure rules on sustainable investments (“Lack of due diligence”). reporting period (new/removed products and/or services); 8 ii. significant markets and/or customer groups served, including changes in the reporting period (new/removed markets and/or customer groups); iii. headcount of employees by geographical areas; and iv. where applicable and material, products and services that are banned in certain markets; (b) a breakdown of total revenue, as included in its financial statements, by significant ESRS sectors. When the undertaking provides segment reporting as required by IoRS 8 Operating segments in its financial statements, this sector revenue information shall be, as far as possible, reconciled with IoRS 8 information; (c) a list of the additional significant ESRS sectors beyond the ones reflected under paragraph 40(b), such as activities that give rise to intercompany revenues, in which the undertaking develops significant activities, or in which it is or may be connected to material impacts. The identification of these additional ESRS sectors shall be consistent with the way they have been considered by the undertaking when performing its materiality assessment and with the way it discloses material sector-specific information; (d) where applicable, a statement indicating, together with the related revenues, that the undertaking is active in: i. the fossil fuel (coal, oil and gas) sector 4 , (i.e., it derives revenues from exploration, mining, extraction, production, processing, storage, refining or distribution, including transportation, storage and trade, of fossil fuels as defined in Article 2, point (62), of Regulation (EU) 2018/1999 of the European Parliament and the Council 5 ), including a disaggregation of revenues derived from coal, from oil and from gas, as well as the revenues derived from Taxonomy-aligned economic activities related to fossil gas as required under Article 8(7)(a) of Commission Delegated Regulation 2021/2178 18 ; ii. chemicals production 6 , i.e., its activities fall under Division 20.2 of Annex I to Regulation (EC) No 1893/2006; iii. controversial weapons 7 (anti-personnel mines, cluster munitions, chemical weapons and biological weapons); and/or iv. the cultivation and production of tobacco 21 ; (e) its sustainability-related goals in terms of significant groups of products and services, customer categories, geographical areas and relationships with stakeholders ; (f) an assessment of its current significant products and/or services, and significant markets and customer groups, in relation to its sustainability-related goals; and (g) the elements of the undertaking’s strategy that relate to or impact sustainability matters, including the main challenges ahead, critical solutions or projects to be put in place, when relevant for sustainability reporting. 4 This information supports the information needs of financial market participants subject to Regulation (EU) 2019/2088 because it is derived from an additional indicator related to principal adverse impacts set out by indicator #4 in Table I of Annex I of Commission Delegated Regulation (EU) 2022/1288 with regard to disclosures rules on sustainable investments (“Exposure to companies active in the fossil fuel sector”). 5 Regulation (EU) 2018/1999 of the European Parliament and of the Council of 11 December 2018 on the Governance of the Energy Union and Climate Action, amending Regulations (EC) No 663/2009 and (EC) No 715/2009 of the European Parliament and of the Council, Directives 94/22/EC, 98/70/EC, 2009/31/EC, 2009/73/EC, 2010/31/EU, 2012/27/EU and 2013/30/EU of the European Parliament and of the Council, Council Directives 2009/119/EC and (EU) 2015/652 and repealing Regulation (EU) No 525/2013 of the European Parliament and of the Council (OJ L 328, 21.12.2018, p. 1). 18 Commission Delegated Regulation (EU) 2021/2178 of 6 July 2021 supplementing Regulation (EU) 2020/852 of the European Parliament and of the Council by specifying the content and presentation of information to be disclosed by undertakings subject to Articles 19a or 29a of Directive 2013/34/EU concerning environmentally sustainable economic activities, and specifying the methodology to comply with that disclosure obligation (OJ L 443, 10.12.2021, p. 9). 6 This information supports the information needs of financial market participants subject to Regulation (EU) 2019/2088 because it is derived from an additional indicator related to principal adverse impacts set out by indicator #9 in Table II of Annex I of Commission Delegated Regulation (EU) 2022/1288 with regard to disclosures rules on sustainable investments (“Investments in companies producing chemicals”). 7 This information supports the information needs of financial market participants subject to Regulation (EU) 2019/2088 because it is derived from an additional indicator related to principal adverse impacts set out by indicator #14 in Table I of Annex I of Commission Delegated Regulation (EU) 2022/1288  with regard to disclosures rules on sustainable investments (“Exposure to controversial weapons (anti-personnel mines, cluster munitions, chemical weapons and biological weapons)”). 21 This information supports the needs of benchmark administrators to disclose ESG factors subject to Regulation (EU) 2020/1818 as set out by paragraph b) of article 12.1. 9 41. If the undertaking is based in an EU Member State that allows for an exemption from the disclosure of the information referred to in Article 18, paragraph 1, sub-point (a) of Directive 2013/34/EU 8 , and if the undertaking has made use of that exemption, it may omit the breakdown of revenue by significant ESRS sector required by paragraph 40(b). In this case the undertaking shall nevertheless disclose the list of ESRS sectors that are significant for the undertaking. 42. The undertaking shall disclose a description of its business model and value chain , including: (a) its inputs and its approach to gathering, developing and securing those inputs; (b) its outputs and outcomes in terms of current and expected benefits for customers, investors and other stakeholders ; and (c) the main features of its upstream and downstream value chain and the undertaking’s position in its value chain, including a description of the main business actors (such as key suppliers , customers, distribution channels and end-users ) and their relationship to the undertaking. When the undertaking has multiple value chains, the disclosure shall cover the key value chains. Disclosure Requirement SBM-2 – Interests and views of stakeholders 43. The undertaking shall disclose how the interests and views of its stakeholders are taken into 44. The objective of this Disclosure Requirement is to provide an understanding of how stakeholders ’ interests and views inform the undertaking’s strategy and business model . 45. The undertaking shall disclose a summarised description of: (a) its stakeholder engagement, including: i. the undertaking’s key stakeholders ; ii. whether engagement with them occurs and for which categories of stakeholders; iii. how it is organised; iv. its purpose; and v. how its outcome is taken into account by the undertaking; (b) the undertaking’s understanding of the interests and views of its key stakeholders as they relate to the undertaking’s strategy and business model, to the extent that these were analysed during the undertaking’s due diligence process and/or materiality assessment process (see Disclosure Requirement IRO-1 of this Standard); (c) where applicable, amendments to its strategy and/or business model, including: i. how the undertaking has amended or expects to amend its strategy and/or business model to address the interests and views of its stakeholders; ii. any further steps that are being planned and in what timeline; and iii. whether these steps are likely to modify the relationship with and views of stakeholders; and (d) whether and how the administrative, management and supervisory bodies are informed about the views and interests of affected stakeholders with regard to the undertaking’s sustainability- related impacts. 8 Article 18, paragraph 1, sub-point (a) of Directive 2013/34/EU: “ the net turnover broken down by categories of activity and into geographical markets, in so far as those categories and markets differ substantially from one another, taking account of the manner in which the sale of products and the provision of services are organised .” 10",ESRS_202_20Delegated-act-2023-5303-annex-1_en.pdf,8,10,Disclosure Requirement GOV–5 - Risk management and internal controls over sustainability reporting
Disclosure_Disclosure_Requirement_SBM_3_Material_impacts_risks_and_opportunities_and_their_interaction_with,"Disclosure Requirement SBM-3 - Material impacts, risks and opportunities and their interaction with strategy and busines",Disclosure,"Disclosure Requirement SBM-3 - Material impacts, risks and opportunities and their interaction with ","Disclosure Requirement SBM-3 - Material impacts, risks and opportunities and their interaction with strategy and business model 46. The undertaking shall disclose its material impacts, risks and opportunities and how they interact 47. The objective of this Disclosure Requirement is to provide an understanding of the material impacts, risks and opportunities as they result from the undertaking’s materiality assessment and how they originate from and trigger adaptation of the undertaking’s strategy and business model including its resources allocation. The information to be disclosed about the management of the undertaking’s material impacts, risks and opportunities is prescribed in topical ESRS and in sector-specific standards, which shall be applied in conjunction with the Minimum Disclosure Requirements on policies, actions and targets established in this Standard. 48. The undertaking shall disclose: (a) a brief description of its material impacts, risks and opportunities resulting from its materiality assessment (see Disclosure Requirement IRO-1 of this standard), including a description of where in its business model , its own operations and its upstream and downstream value chain these material impacts, risks and opportunities are concentrated; (b) the current and anticipated effects of its material impacts, risks and opportunities on its business model, value chain, strategy and decision-making, and how it has responded or plans to respond to these effects, including any changes it has made or plans to make to its strategy or business model as part of its actions to address particular material impacts or risks, or to pursue particular material opportunities; (c) with reference to the undertaking’s material impacts : i. how the undertaking’s material negative and positive impacts affect (or, in the case of potential impacts, are likely to affect) people or the environment; ii. whether and how the impacts originate from or are connected to the undertaking's strategy and business model; iii. the reasonably expected time horizons of the impacts; and iv. whether the undertaking is involved with the material impacts through its activities or because of its business relationships , describing the nature of the activities or business relationships concerned; (e) the current financial effects of the undertaking’s material risks and opportunities on its financial position, financial performance and cash flows and the material risks and opportunities for which there is a significant risk of a material adjustment within the next annual reporting period to the carrying amounts of assets and liabilities reported in the related financial statements; (f) the anticipated financial effects of the undertaking’s material risks and opportunities on its financial position, financial performance and cash flows over the short-, medium- and long-term, including the reasonably expected time horizons for those effects. This shall include how the undertaking expects its financial position, financial performance and cash flows to change over the short, medium- and long-term, given its strategy to manage risks and opportunities, taking into consideration: i. its investment and disposal plans (for example, capital expenditure, major acquisitions and divestments, joint ventures, business transformation, innovation, new business areas and asset retirements), including plans the undertaking is not contractually committed to; and ii. its planned sources of funding to implement its strategy. (g) information about the resilience of the undertaking's strategy and business model regarding its capacity to address its material impacts and risks and to take advantage of its material opportunities. The undertaking shall disclose a qualitative and, when applicable, a quantitative analysis of the resilience, including how the analysis was conducted and the time horizons that were applied as 11 defined in ESRS 1 (see ESRS 1 chapter 6 Time horizons ). When providing quantitative information, the undertaking may disclose single amounts or ranges; (h) changes to the material impacts, risks and opportunities compared to the previous reporting period; and (i) a specification of those impacts, risks and opportunities that are covered by ESRS Disclosure Requirements as opposed to those covered by the undertaking using additional entity-specific disclosures. 49. The undertaking may disclose the descriptive information required in paragraph 46 alongside the disclosures provided under the corresponding topical ESRS, in which case it shall still present a statement of its material impacts, risks and opportunities alongside its disclosures prepared under this chapter of ESRS 2. 4. Impact, risk and opportunity management 50. This chapter sets disclosure requirements that enable an understanding of: (a) the process to identify material impacts, risks and opportunities ; and (b) the information that, as a result of its materiality assessment, the undertaking has included in its sustainability statement . Disclosure Requirement IRO-1 - Description of the process to identify and assess material impacts, risks and opportunities 51. The undertaking shall disclose its process to identify its impacts, risks and opportunities and to 52. The objective of this Disclosure Requirement is to provide an understanding of the process through which the undertaking identifies impacts, risks and opportunities and assesses their materiality, as the basis for determining the disclosures in its sustainability statement (see ESRS 1 chapter 3 and its related Application Requirements, which set out requirements and principles regarding the process to identify and assess material impacts, risks and opportunities based on the principle of double materiality). 53. The undertaking shall disclose the following information: (a) a description of the methodologies and assumptions applied in the described process; (b) an overview of the process to identify, assess, prioritise and monitor the undertaking’s potential and actual impacts on people and the environment, informed by the undertaking’s due diligence process, including an explanation of whether and how the process: i. focusses on specific activities, business relationships, geographies or other factors that give rise to heightened risk of adverse impacts; ii. considers the impacts with which the undertaking is involved through its own operations or as a result of its business relationships; iii. includes consultation with affected stakeholders to understand how they may be impacted and with external experts; iv. prioritises negative impacts based on their relative severity and likelihood, (see ESRS 1 section 3.4 Impact materiality ) and, if applicable, positive impacts on their relative scale, scope and likelihood, and determines which sustainability matters are material for reporting purposes, including the qualitative or quantitative thresholds and other criteria used as prescribed by ESRS 1 section 3.4 Impact materiality ; 12 (c) an overview of the process used to identify, assess, prioritise and monitor risks and opportunities that have or may have financial effects . The disclosure shall include: i. how the undertaking has considered the connections of its impacts and dependencies with the risks and opportunities that may arise from those impacts and dependencies; ii. how the undertaking assesses the likelihood, magnitude, and nature of effects of the identified risk and opportunities (such as the qualitative or quantitative thresholds and other criteria used as prescribed by ESRS 1 section 3.3 Financial materiality ); iii. how the undertaking prioritises sustainability-related risks relative to other types of risks, including its use of risk-assessment tools; (d) a description of the decision-making process and the related internal control procedures; (e) the extent to which and how the process to identify, assess and manage impacts and risks is integrated into the undertaking’s overall risk management process and used to evaluate the undertaking’s overall risk profile and risk management processes; (f) the extent to which and how the process to identify, assess and manage opportunities is integrated into the undertaking’s overall management process where applicable; (g) the input parameters it uses (for example, data sources, the scope of operations covered and the detail used in assumptions); and (h) whether and how the process has changed compared to the prior reporting period, when the process was modified for the last time and future revision dates of the materiality assessment. Disclosure Requirement IRO-2 – Disclosure Requirements in ESRS covered by the undertaking’s sustainability statement 54. The undertaking shall report on the Disclosure Requirements complied with in its sustainability 55. The objective of this Disclosure Requirement is to provide an understanding of the Disclosure Requirements included in the undertaking’s sustainability statement and of the topics that have been omitted as not material, as a result of the materiality assessment. 56. The undertaking shall include a list of the Disclosure Requirements complied with in preparing the sustainability statement , following the outcome of the materiality assessment (see ESRS 1 chapter 3), including the page numbers and/or paragraphs where the related disclosures are located in the sustainability statement. This may be presented as a content index. The undertaking shall also include a table of all the datapoints that derive from other EU legislation as listed in Appendix B of this standard, indicating where they can be found in the sustainability statement and including those that the undertaking has assessed as not material, in which case the undertaking shall indicate “Not material” in the table in accordance with ESRS 1 paragraph 35. 57. If the undertaking concludes that climate change is not material and therefore omits all disclosure requirements in ESRS E1 Climate change , it shall disclose a detailed explanation of the conclusions of its materiality assessment with regard to climate change (see ESRS 2 IRO- 2 Disclosure Requirements in ESRS covered by the undertaking’s sustainability statement ), including a forward-looking analysis of the conditions that could lead the undertaking to conclude that climate change is material in the future. 58. If the undertaking concludes that a topic other than climate change is not material and therefore omits all the Disclosure Requirements in the corresponding topical ESRS, it may provide a brief explanation of the conclusions of its materiality assessment for that topic. 59. The undertaking shall provide an explanation of how it has determined the material information to be disclosed in relation to the impacts, risks and opportunities that it has assessed to be material, including the use of thresholds and/or how it has implemented the criteria in ESRS 1 section 3.2 Material matters and materiality of information. 13 60. This section sets out minimum disclosure requirements to be included when the undertaking discloses information on its policies and actions to prevent, mitigate and remediate actual and potential material impacts , to address material risks and/or to pursue material opportunities (collectively, to “manage material sustainability matters ”). They shall be applied together with the Disclosure Requirements, including Application Requirements, provided in the relevant topical and sector-specific ESRS. They shall also be applied when the undertaking prepares entity-specific disclosures. 61. The corresponding disclosures shall be located alongside disclosures prescribed by the relevant ESRS. When a single policy or same actions address several interconnected sustainability matters , the undertaking may disclose the required information in its reporting under one topical ESRS and cross reference to it in its reporting under other topical ESRS. 62. If the undertaking cannot disclose the information on policies and actions required under relevant ESRS, because it has not adopted policies and/or actions with reference to the specific sustainability matter concerned, it shall disclose this to be the case, and provide reasons for not having adopted policies and/or actions. The undertaking may disclose a timeframe in which it aims to adopt them. Minimum Disclosure Requirement – Policies MDR-P – Policies adopted to manage material sustainability matters 63. The undertaking shall apply the minimum disclosure requirements defined in this provision when it discloses the policies it has in place with regard to each sustainability matter identified as material. 64. The objective of this Minimum Disclosure Requirement is to provide an understanding of the policies that the undertaking has in place to prevent, mitigate and remediate actual and potential impacts , to address risks and to pursue opportunities . 65. The undertaking shall disclose information about policies adopted to manage material sustainability matters . The disclosure shall include the following information: (a) a description of the key contents of the policy , including its general objectives and which material impacts, risks or opportunities the policy relates to and the process for monitoring; (b) a description of the scope of the policy, or of its exclusions, in terms of activities, upstream and/or downstream value chain , geographies and if relevant, affected stakeholder groups; (c) the most senior level in the undertaking’s organisation that is accountable for the implementation of the policy; (d) a reference, if relevant, to the third-party standards or initiatives the undertaking commits to respect through the implementation of the policy; (e) if relevant, a description of the consideration given to the interests of key stakeholders in setting the policy; and (f) if relevant, whether and how the undertaking makes the policy available to potentially affected stakeholders, and stakeholders who need to help implement it.",ESRS_202_20Delegated-act-2023-5303-annex-1_en.pdf,11,17,"Disclosure Requirement SBM-3 - Material impacts, risks and opportunities and their interaction with strategy and busines"
Requirement_381973468133591300,Minimum Disclosure Requirement – Actions MDR-A – Actions and,Requirement,Minimum Disclosure Requirement – Actions MDR-A – Actions and,"66. The undertaking shall apply the requirements for the content of disclosures in this provision when it describes the actions through which it manages each material sustainability matter including action plans and resources allocated and/or planned. 67. The objective of this Minimum Disclosure Requirement is to provide an understanding of the key actions taken and/or planned to prevent, mitigate and remediate actual and potential impacts , and to address risks and opportunities , and where applicable achieve the objectives and targets of related policies . 14 68. Where the implementation of a policy requires actions , or a comprehensive action plan, to achieve its objectives, as well as when actions are implemented without a specific policy, the undertaking shall disclose the following information: (a) the list of key actions taken in the reporting year and planned for the future, their expected outcomes and, where relevant, how their implementation contributes to the achievement of policy objectives and targets ; (b) the scope of the key actions (i.e., coverage in terms of activities, upstream and/or downstream value chain, geographies and, where applicable, affected stakeholder groups); (c) the time horizons under which the undertaking intends to complete each key action; (d) if applicable, key actions taken (along with results) to provide for and cooperate in or support the provision of remedy for those harmed by actual material impacts; (e) if applicable, quantitative and qualitative information regarding the progress of actions or action plans disclosed in prior periods. 69. Where the implementation of an action plan requires significant operational expenditures (Opex) and/or capital expenditures (Capex) the undertaking shall: (a) describe the type of current and future financial and other resources allocated to the action plan, including if applicable, the relevant terms of sustainable finance instruments, such as green bonds, social bonds and green loans, the environmental or social objectives, and whether the ability to implement the actions or action plan depends on specific preconditions, e.g., granting of financial support or public policy and market developments; (b) provide the amount of current financial resources and explain how they relate to the most relevant amounts presented in the financial statements; and (c) provide the amount of future financial resources. 70. This chapter sets out Minimum Disclosure Requirements that shall be included when the undertaking discloses information on its metrics and targets related to each material sustainability matter. They shall be applied together with the Disclosure Requirements, including Application Requirements, provided in the relevant topical ESRS. They shall also be applied when the undertaking prepares entity-specific disclosures. 71. The corresponding disclosures shall be located alongside disclosures prescribed by the topical ESRS. 72. If the undertaking cannot disclose the information on targets required under the relevant topical ESRS, because it has not set targets with reference to the specific sustainability matter concerned, it shall disclose this to be the case, and provide reasons for not having adopted targets. The undertaking may disclose a timeframe in which it aims to adopt them.",ESRS_202_20Delegated-act-2023-5303-annex-1_en.pdf,14,15,Minimum Disclosure Requirement – Actions MDR-A – Actions and
Requirement_353399877085950439,Minimum disclosure requirement – Metrics MDR-M – Metrics in ,Requirement,Minimum disclosure requirement – Metrics MDR-M – Metrics in ,"73. The undertaking shall apply the requirements for the content of disclosures in this provision when it discloses on the metrics it has in place with regard to each material sustainability matter . 74. The objective of this Minimum Disclosure Requirement is to provide an understanding of the metrics the undertaking uses to track the effectiveness of its actions to manage material sustainability matters . 75. The undertaking shall disclose any metrics that it uses to evaluate performance and effectiveness, in relation to a material impact, risk or opportunity. 76. Metrics shall include those defined in ESRS, as well as metrics identified on an entity-specific basis, whether taken from other sources or developed by the undertaking itself. 15 77. oor each metric , the undertaking shall: (a) disclose the methodologies and significant assumptions behind the metric, including the limitations of the methodologies used; (b) disclose whether the measurement of the metric is validated by an external body other than the assurance provider and, if so, which body; (c) label and define the metric using meaningful, clear and precise names and descriptions; (d) when currency is specified as the unit of measure, use the presentation currency of its financial statements. Minimum Disclosure Requirement – Targets MDR-T – Tracking effectiveness of policies and actions through targets 78. The undertaking shall apply the requirements for the content of disclosures in this provision when it discloses information about the targets it has set with regard to each material sustainability matter. 79. The objective of this Minimum Disclosure Requirement is to provide for each material sustainability matter an understanding of: (a) whether and how the undertaking tracks the effectiveness of its actions to address material impacts, risks and opportunities , including the metrics it uses to do so; (b) measurable time-bound outcome-oriented targets set by the undertaking to meet the policy ’s objectives, defined in terms of expected results for people, the environment or the undertaking regarding material impacts, risks and opportunities; (c) the overall progress towards the adopted targets over time; (d) in the case that the undertaking has not set measurable time-bound outcome-oriented targets, whether and how it nevertheless tracks the effectiveness of its actions to address material impacts, risks and opportunities and measures the progress in achieving its policy objectives; and (e) whether and how stakeholders have been involved in target setting for each material sustainability matter. 80. The undertaking shall disclose the measurable, outcome-oriented and time-bound targets on material sustainability matters it has set to assess progress. oor each target, the disclosure shall include the following information: (a) a description of the relationship of the target to the policy objectives; (b) the defined target level to be achieved, including, where applicable, whether the target is absolute or relative and in which unit it is measured; (c) the scope of the target, including the undertaking’s activities and/or its upstream and/or downstream value chain where applicable and geographical boundaries; (d) the baseline value and base year from which progress is measured; (e) the period to which the target applies and if applicable, any milestones or interim targets; (f) the methodologies and significant assumptions used to define targets, including where applicable, the selected scenario , data sources, alignment with national, EU or international policy goals and how the targets consider the wider context of sustainable development and/or local situation in which impacts take place; (g) whether the undertaking’s targets related to environmental matters are based on conclusive scientific evidence ; (h) whether and how stakeholders have been involved in target setting for each material sustainability matter; (i) any changes in targets and corresponding metrics or underlying measurement methodologies, significant assumptions, limitations, sources and processes to collect data adopted within the defined 16 time horizon. This includes an explanation of the rationale for those changes and their effect on comparability (see Disclosure Requirement BP-2 Disclosures in relation to specific circumstances of this Standard ); and (j) the performance against its disclosed targets, including information on how the target is monitored and reviewed and the metrics used, whether the progress is in line with what had been initially planned, and an analysis of trends or significant changes in the performance of the undertaking towards achieving the target. 81. If the undertaking has not set any measurable outcome-oriented targets : (a) it may disclose whether such targets will be set and the timeframe for setting them, or the reasons why the undertaking does not plan to set such targets; (b) it shall disclose whether it nevertheless tracks the effectiveness of its policies and actions in relation to the material sustainability-related impact, risk and opportunity , and if so: i. any processes through which it does so; ii. the defined level of ambition to be achieved and any qualitative or quantitative indicators it uses to evaluate progress, including the base period from which progress is measured. This appendix is an integral part of ESRS 2 and has the same authority as other parts of the Standard.",ESRS_202_20Delegated-act-2023-5303-annex-1_en.pdf,15,17,Minimum disclosure requirement – Metrics MDR-M – Metrics in 
Disclosure_Disclosure_Requirement_BP_1_General_basis_for_preparation_of_sustainability_statements,Disclosure Requirement BP-1 – General basis for preparation of sustainability statements,Disclosure,Disclosure Requirement BP-1 – General basis for preparation of sustainability statements,"Disclosure Requirement BP-1 – General basis for preparation of sustainability statements AR 1. When describing to what extent the sustainability statement covers the undertaking’s upstream and downstream value chain (see ESRS 1 section 5.1 Reporting undertaking and value chain ), the undertaking may distinguish between: (a) the extent to which its materiality assessment of impacts, risks and opportunities extends to its upstream and/or downstream value chain; (b) the extent to which its policies, actions and targets extend to its value chain; and (c) the extent to which it includes upstream and/or downstream value chain data when disclosing on metrics .",ESRS_202_20Delegated-act-2023-5303-annex-1_en.pdf,17,17,Disclosure Requirement BP-1 – General basis for preparation of sustainability statements
Disclosure_Disclosure_Requirement_BP_2_Disclosures_in_relation_to_specific_circumstances,Disclosure Requirement BP-2 – Disclosures in relation to specific circumstances,Disclosure,Disclosure Requirement BP-2 – Disclosures in relation to specific circumstances,"Disclosure Requirement BP-2 – Disclosures in relation to specific circumstances AR 2. The undertaking may disclose whether it relies on any European standards approved by the European Standardisation System (ISO/IEC or CEN/CENELEC standards), as well as the extent to which data and processes that are used for sustainability reporting purposes have been verified by an external assurance provider and found to conform to the corresponding ISO/IEC or CEN/CENELEC standard. 17",ESRS_202_20Delegated-act-2023-5303-annex-1_en.pdf,17,17,Disclosure Requirement BP-2 – Disclosures in relation to specific circumstances
Disclosure_Disclosure_Requirement_GOV_1_The_role_of_the_administrative_management_and_supervisory_bodies,"Disclosure Requirement GOV-1 – The role of the administrative, management and supervisory bodies",Disclosure,"Disclosure Requirement GOV-1 – The role of the administrative, management and supervisory bodies","Disclosure Requirement GOV-1 – The role of the administrative, management and supervisory bodies AR 3.  In describing the role and responsibilities of the administrative, management and supervisory bodies with regard to sustainability matters , the undertaking may specify: (a) the aspects of sustainability over which oversight is exercised with regard to the environmental, social and governance matters the undertaking may be facing, including: i. any assessment of and changes to sustainability-related aspects of the undertaking’s strategy and business model ; ii. the identification and assessment of material risks, opportunities and impacts ; iii. related policies and targets , action plans and dedicated resources; and iv. sustainability reporting; (b) the form such oversight takes for each of the above aspects: i.e., information, consultation or decision-making; and (c) the way such oversight is organised and formalised, i.e., processes by which the administrative, management and supervisory bodies engage with these aspects of sustainability. AR 4.  In describing the undertaking’s organisation of governance regarding sustainability matters , a description of complex governance structure may be complemented by their presentation in the form of a diagram. AR 5.  The description of the level of expertise or access to expertise of the administrative, management and supervisory bodies may be substantiated by illustrating the composition of the bodies, including members on whom these bodies rely for expertise to oversee sustainability matters , and how they leverage that expertise as a body. In the description, the undertaking shall consider how the expertise and skills are relevant to the undertaking’s material impacts, risks and opportunities and whether the bodies and/or its members have access to other sources of expertise, such as specific experts and training and other educational initiatives to update and develop sustainability-related expertise within these bodies. Disclosure Requirement GOV-2 – Information provided to and sustainability matters addressed by the undertaking’s administrative, management and supervisory bodies AR 6. Depending on the undertaking’s structure, the administrative, management and supervisory bodies may focus on overarching targets , while management focuses on the more detailed targets. In this case, the undertaking may disclose how the governance bodies ensure that an appropriate mechanism for performance monitoring is in place. Disclosure Requirement GOV-3 – Integration of sustainability-related performance in incentive schemes AR 7. oor listed undertakings, this Disclosure Requirement should be consistent with the remuneration report prescribed in articles 9a and 9b of Directive 2007/36/EC on the exercise of certain rights of shareholders in listed companies. Subject to the provisions of ESRS 1, paragraphs 119, 120 and 122, a listed undertaking may make a reference to its remuneration report. 18",ESRS_202_20Delegated-act-2023-5303-annex-1_en.pdf,18,18,"Disclosure Requirement GOV-1 – The role of the administrative, management and supervisory bodies"
Disclosure_Disclosure_Requirement_GOV_4_Statement_on_due_diligence,Disclosure Requirement GOV-4 – Statement on due diligence,Disclosure,Disclosure Requirement GOV-4 – Statement on due diligence,"Disclosure Requirement GOV-4 – Statement on due diligence AR 8. The mapping required by paragraph 30 may be presented in the form of a table, crossreferencing the core elements of due diligence, for impacts on people and the environment, to the relevant disclosures in the undertaking’s sustainability statement , as set out below. AR 9. The undertaking may include additional columns to the table below to clearly identify those disclosures that relate to impacts on people and/or the environment given that, in some cases, more than one disclosure may provide information about the same due diligence step. AR 10. The main references in the international instruments of the UN Guiding Principles on Business and Human Rights and the OECD Guidelines for Multinational Enterprises to the core elements of the due diligence process are listed in ESRS 1 chapter 4.",ESRS_202_20Delegated-act-2023-5303-annex-1_en.pdf,19,19,Disclosure Requirement GOV-4 – Statement on due diligence
Disclosure_Disclosure_Requirement_GOV_5_Risk_management_and_internal_controls_over_sustainability_reporting_A,Disclosure Requirement GOV-5 – Risk management and internal controls over sustainability reporting AR 11. This Disclosur,Disclosure,Disclosure Requirement GOV-5 – Risk management and internal controls over sustainability reporting A,"Disclosure Requirement GOV-5 – Risk management and internal controls over sustainability reporting AR 11. This Disclosure Requirement focuses solely on the internal control processes over the sustainability reporting process. The undertaking may consider risks such as the completeness and integrity of the data, the accuracy of estimation results, the availability of upstream and/or downstream value chain data, and the timing of the availability of the information.",ESRS_202_20Delegated-act-2023-5303-annex-1_en.pdf,19,19,Disclosure Requirement GOV-5 – Risk management and internal controls over sustainability reporting AR 11. This Disclosur
Disclosure_Disclosure_Requirement_SBM_1_Strategy_business_model_and_value_chain_AR_12_To_provide_the_informat,"Disclosure Requirement SBM–1 Strategy, business model and value chain AR 12. To provide the information on sectors requi",Disclosure,"Disclosure Requirement SBM–1 Strategy, business model and value chain AR 12. To provide the informat","Disclosure Requirement SBM–1 Strategy, business model and value chain AR 12. To provide the information on sectors required by paragraph 40, the undertaking shall map its significant activities in accordance with ESRS sectors. If a code for a sub-sector does not exist, the caption “others” shall be used. AR 13. oor the purposes of the disclosures required in paragraph 40, a group of products and/or services offered, a group of markets and/or customer groups served, or an ESRS sector, is significant for the undertaking if it meets one or both of the following criteria: (a) it accounts for more than 10 per cent of the undertaking’s revenue; 19 (b) it is connected with material actual impacts or material potential negative impacts of the undertaking. AR 14. In preparing disclosures relating to its business model and value chain , the undertaking shall consider: (a) its key activities, resources, distribution channels and customer segments; (b) its key business relationships and their key characteristics, including relationships with customers and suppliers ; (c) the cost structure and revenue of its business segments, in line with IoRS 8 disclosure requirements in the financial statement, where applicable; (d) the potential impacts, risks and opportunities in its significant sector(s) and their possible relationship to its own business model or value chain. AR 15. Contextual information may be particularly relevant for users of the undertaking’s sustainability statement, to understand to what extent the disclosures include upstream and/or downstream value chain information. The description of the main features of the upstream and/or downstream value chain and where applicable the identification of key value chains should support an understanding of how the undertaking applies the requirements of ESRS 1 chapter 5 and the materiality assessment performed by the undertaking in line with ESRS 1 chapter 3. The description may provide a high-level overview of the key features of upstream and/or downstream value chain entities indicating their relative contribution to the undertaking’s performance and position and explaining how they contribute to the value creation of the undertaking. Disclosure Requirement SBM-2 – Interests and views of stakeholders AR 16. The views and interests of stakeholders that are expressed as part of the undertaking’s engagement with stakeholders through its due diligence process may be relevant to one or more aspects of its strategy or business model. As such, they may affect the undertaking’s decisions regarding the future direction of the strategy or business model. Disclosure Requirement SBM-3 – Material impacts, risks and opportunities and their interaction with strategy and business model AR 17. When describing where in its upstream and/or downstream value chain material impacts, risks and opportunities are concentrated, the undertaking shall consider: geographical areas, facilities or types of assets, inputs, outputs and distribution channels. AR 18. This disclosure may be expressed in terms of a single impact , risk or opportunity or by aggregating groups of material impacts, risks and opportunities, when this provides more relevant information and does not obscure material information.",ESRS_202_20Delegated-act-2023-5303-annex-1_en.pdf,19,20,"Disclosure Requirement SBM–1 Strategy, business model and value chain AR 12. To provide the information on sectors requi"
Disclosure_Disclosure_Requirement_IRO_2_Disclosure_Requirements_in_ESRS_covered_by_the_undertaking_s_sustaina,Disclosure Requirement IRO-2 – Disclosure Requirements in ESRS covered by the undertaking’s sustainability statement,Disclosure,Disclosure Requirement IRO-2 – Disclosure Requirements in ESRS covered by the undertaking’s sustaina,"Disclosure Requirement IRO-2 – Disclosure Requirements in ESRS covered by the undertaking’s sustainability statement AR 19. Notwithstanding the basis for the presentation of the information about sustainability matters included in ESRS 1 chapter 8 Structure of sustainability statement , the undertaking may disclose the list of the Disclosure Requirements complied with in preparing the sustainability statement (see paragraph 54) in the general information part or in other parts of the sustainability statement as it deems appropriate. The undertaking may use a content index, i.e., a tabular list of the Disclosure Requirements included in the sustainability statement, with the indication of where they are located (page/paragraphs). 20",ESRS_202_20Delegated-act-2023-5303-annex-1_en.pdf,20,32,Disclosure Requirement IRO-2 – Disclosure Requirements in ESRS covered by the undertaking’s sustainability statement
Requirement_8228343613229711407,Minimum Disclosure Requirement – Policies MDR-P – Policies a,Requirement,Minimum Disclosure Requirement – Policies MDR-P – Policies a,"AR 20. Due to the interdependency between impacts on people and the environment, risks and opportunities , a single policy may apply to several material sustainability matters , including matters addressed by more than one topical ESRS. oor example, if a single policy covers both an environmental matter and a social matter, the undertaking may report on the policy in the environmental section of its sustainability statement . In this case, it should include in the social section a cross-reference to the environmental section where the policy is reported. Equally a policy may be reported in the social section with a cross-reference to it in the environmental section. AR 21. The description of the scope of the policy may explain which activities and/or segments of the undertaking’s own operations or upstream and downstream value chain it concerns. The description may also explain further boundaries relevant to the specific topic or the undertaking’s circumstances, which may include geographies, life cycles, etc. In certain cases, such as if the policy does not cover the full value chain, the undertaking may provide clear information regarding the extent of the value chain covered by the policy.",ESRS_202_20Delegated-act-2023-5303-annex-1_en.pdf,21,21,Minimum Disclosure Requirement – Policies MDR-P – Policies a
Requirement_7153390943091039177,Minimum disclosure requirement – Actions MDR-A – Actions and,Requirement,Minimum disclosure requirement – Actions MDR-A – Actions and,"AR 22. Key actions in the context of this Minimum Disclosure Requirement are those actions that materially contribute to achieving the undertaking’s objectives in addressing material impacts, risks and opportunities . oor reasons of understandability, key actions may be aggregated where appropriate. AR 23. Information on resource allocation may be presented in the form of a table and broken down between capital expenditure and operating expenditure, and across the relevant time horizons, and between resources applied in the current reporting year and the planned allocation of resources over specific time horizons. 5. Metrics and targets",ESRS_202_20Delegated-act-2023-5303-annex-1_en.pdf,21,21,Minimum disclosure requirement – Actions MDR-A – Actions and
Requirement_6287220123891384205,Minimum Disclosure Requirement – Targets MDR-T – Tracking ef,Requirement,Minimum Disclosure Requirement – Targets MDR-T – Tracking ef,"AR 24. When disclosing targets related to the prevention or mitigation of environmental impacts, the undertaking shall prioritise targets related to the reduction of the impacts in absolute terms rather than in relative terms. When targets address the prevention or mitigation of social impacts, they may be specified in terms of the effects on human rights, welfare or positive outcomes for affected stakeholders . AR 25. The information on progress made towards achieving the targets may be presented in a comprehensive table, including information on the baseline and target value, milestones, and achieved performance over the prior periods. AR 26. Where the undertaking describes progress in achieving the objectives of a policy in the absence of a measurable target, it may specify a baseline against which the progress is considered. oor example, the undertaking may assess an increase of wages by a certain percentage for those below a fair wage; or may assess the quality of its relationships with local communities by reference to the proportion of issues raised by communities that were resolved to their satisfaction. The baseline and the assessment of the progress shall be related to the impacts, risks and opportunities which underpin the materiality of the matter addressed by the policy. 21 This appendix is an integral part of the ESRS 2. The table below illustrates the datapoints in ESRS 2 and topical ESRS that derive from other EU legislation. 9 Regulation (EU) 2019/2088 of the European Parliament and of the Council of 27 November 2019 on sustainability ‐ related disclosures in the financial services sector (Sustainable oinance Disclosures Regulation) (OJ L 317, 9.12.2019, p. 1). 24 Regulation (EU) No 575/2013 of the European Parliament and of the Council of 26 June 2013 on prudential requirements for credit institutions and investment firms and amending Regulation (EU) No 648/2012 (Capital Requirements Regulation “CRR”) (OJ L 176, 27.6.2013, p. 1). 10 Regulation (EU) 2016/1011 of the European Parliament and of the Council of 8 June 2016 on indices used as benchmarks in financial instruments and financial contracts or to measure the performance of investment funds and amending Directives 2008/48/EC and 2014/17/EU and Regulation (EU) No 596/2014 (OJ L 171, 29.6.2016, p. 1). 11 Regulation (EU) 2021/1119 of the European Parliament and of the Council of 30 June 2021 establishing the framework for achieving climate neutrality and amending Regulations (EC) No 401/2009 and (EU) 2018/1999 (‘European Climate Law’) (OJ L 243, 9.7.2021, p. 1). 12 Commission Delegated Regulation (EU) 2020/1816 of 17 July 2020 supplementing Regulation (EU) 2016/1011 of the European Parliament and of the Council as regards the explanation in the benchmark statement of how environmental, social and governance factors are reflected in each benchmark provided and published (OJ L 406, 3.12.2020, p. 1). 13 Commission Implementing Regulation (EU) 2022/2453 of 30 November 2022 amending the implementing technical standards laid down in Implementing Regulation (EU) 2021/637 as regards the disclosure of environmental, social and governance risks (OJ L 324,19.12.2022, p.1.). 22 14 Commission Delegated Regulation (EU) 2020/1818 of 17 July 2020 supplementing Regulation (EU) 2016/1011 of the European Parliament and of the Council as regards minimum standards for EU Climate Transition Benchmarks and EU Parisaligned Benchmarks (OJ L 406, 3.12.2020, p. 17). 23 24 25 26 27 28 29 30 This appendix is an integral part of ESRS 2 and has the same authority as the other parts of the standard. The following table outlines the requirements in topical ESRS that need to be taken into account when reporting against the Disclosure Requirements in ESRS 2. 31 32",ESRS_202_20Delegated-act-2023-5303-annex-1_en.pdf,21,32,Minimum Disclosure Requirement – Targets MDR-T – Tracking ef
